DROP TABLE bajas;

CREATE TABLE `bajas` (
  `idBaja` int(11) NOT NULL AUTO_INCREMENT,
  `idConsejo` int(11) DEFAULT NULL,
  `fechaBaja` date DEFAULT NULL,
  `idGestion` int(11) DEFAULT NULL,
  `Observaciones` text,
  PRIMARY KEY (`idBaja`)
) ENGINE=MyISAM DEFAULT CHARSET=latin1;




DROP TABLE cadetes;

CREATE TABLE `cadetes` (
  `idCadete` bigint(15) NOT NULL AUTO_INCREMENT,
  `codigo` varchar(10) CHARACTER SET latin1 DEFAULT NULL,
  `paterno` varchar(20) CHARACTER SET utf8 DEFAULT NULL,
  `materno` varchar(20) CHARACTER SET utf8 DEFAULT NULL,
  `nombres` varchar(30) CHARACTER SET utf8 DEFAULT NULL,
  `eliminado` tinyint(1) DEFAULT '1',
  `baja` tinyint(1) DEFAULT '0',
  `fotografia` text COLLATE utf8_spanish_ci,
  PRIMARY KEY (`idCadete`)
) ENGINE=MyISAM AUTO_INCREMENT=280 DEFAULT CHARSET=utf8 COLLATE=utf8_spanish_ci;

INSERT INTO cadetes VALUES("1","002-A-Q7","ANTEZANA","IBA√ëEZ","MARCELO REYNALDO","1","0","");
INSERT INTO cadetes VALUES("2","139-C-07","CABRERA","OTUBO","ARIEL","1","0","");
INSERT INTO cadetes VALUES("3","074-C-06","CARRASCO","CARRASCO","GARY","1","0","");
INSERT INTO cadetes VALUES("4","054-C-Q7","CARVAJAL","SALINAS","KLAUSS","1","0","");
INSERT INTO cadetes VALUES("5","071-C-06","CASTELLON","FIGUEROA","ALEJANDRO DIEGO","1","0","");
INSERT INTO cadetes VALUES("6","140-C-07","CASTRO","FLORES","DANIEL RODRIGO","1","0","");
INSERT INTO cadetes VALUES("7","005-C-07","CERVANTES","ORTUSTE","DAYLERFERNANDO","1","0","");
INSERT INTO cadetes VALUES("8","077-C-05","C…SPEDES","VELIZ","FERNANDO","1","0","");
INSERT INTO cadetes VALUES("9","069-C-07","CHAMBI","ALANOCA","LUIS FERNANDO","1","0","");
INSERT INTO cadetes VALUES("10","035-C-07","CHAMBI","FLORES","ERICK AVE LARDO","1","0","");
INSERT INTO cadetes VALUES("11","037-C-07","CORONEL","LOZA","RUDY MARK","1","0","");
INSERT INTO cadetes VALUES("12","143-C-07","CUSSI","SUXO","EMMANUEL","1","0","");
INSERT INTO cadetes VALUES("13","011-D-06","DORIA MEDINA","JIMENEZ","GADDIEL JOSEPH","1","0","");
INSERT INTO cadetes VALUES("14","A-175","FLORES","PE√ëA","GUALBERTO","1","0","");
INSERT INTO cadetes VALUES("15","174-F-06","FLORES","LIMA","NESTOR CARMELO","1","0","");
INSERT INTO cadetes VALUES("16","112-F-07","FLORES","CASTELLON","ALVARO JESUS","1","0","");
INSERT INTO cadetes VALUES("17","103-G-07","GARCIA","ESCALANTE","RUBEN JUNIOR","1","0","");
INSERT INTO cadetes VALUES("18","104-G-07","GONZALES","MENDOZA","ISRAEL SALVADOR","1","0","");
INSERT INTO cadetes VALUES("19","233-G-04","GUTIERREZ","SAAVEDRA","EDGAR","1","0","");
INSERT INTO cadetes VALUES("20","074-I-05","INDA","VALDEZ","ALVARO JAVIER","1","0","");
INSERT INTO cadetes VALUES("21","091-1-07","INFANTES","ASTURIZAGA","JORGE WALDO","1","0","");
INSERT INTO cadetes VALUES("22","121-J-07","JE MI O","ROCA","JORGE DENIS","1","0","");
INSERT INTO cadetes VALUES("23","006-L-07","LAURA","ESPINOZA","YONATANALEXANDER","1","0","");
INSERT INTO cadetes VALUES("24","108-L-07","LUCANO","UZQUIANO","MARCO ANTONIO","1","0","");
INSERT INTO cadetes VALUES("25","123-L-06","LUJAN","GONZALES","EYVEL OSCAR","1","0","");
INSERT INTO cadetes VALUES("26","007-M-07","MAMANI","HUANACO","JOYENGLE","1","0","");
INSERT INTO cadetes VALUES("27","094-M-07","MANZANEDA","LEDEZMA","HAROLD","1","0","");
INSERT INTO cadetes VALUES("28","156-M-07","MARCO","CATALA","PERCY","1","0","");
INSERT INTO cadetes VALUES("29","117-M-07","MAZUELOS","BUTR”N","ROBERTO","1","0","");
INSERT INTO cadetes VALUES("30","085-M-07","MIRANDA","FIGUEROA","OSCAR LIMBERT","1","0","");
INSERT INTO cadetes VALUES("31","081-M-07","MOYA","POMA","ALEXANDER","1","0","");
INSERT INTO cadetes VALUES("32","087-N-07","NAO","RAMOS","JUAN WILSER","1","0","");
INSERT INTO cadetes VALUES("33","141-N-07","NINA","ABASTOFLOR","PEDRO LUIS","1","0","");
INSERT INTO cadetes VALUES("34","133-0-07","ORETEA","FP.EDERICKSE N ALIAG","LUCIO","1","0","");
INSERT INTO cadetes VALUES("35","034-P-07","PLATA"," ","REDDY LUIS","1","0","");
INSERT INTO cadetes VALUES("36","121-R-06","RAMALLO","RUBIN DE CELIS","JORGE PABLO","1","0","");
INSERT INTO cadetes VALUES("37","090-R-07","ROJAS","CRELLANA","LUIS ROLANDO","1","0","");
INSERT INTO cadetes VALUES("38","027-R-07","ROJAS","CORONEL","RONALD","1","0","");
INSERT INTO cadetes VALUES("39","147-S-Q7","SALINAS","MIRANDA","MARCOS BENJAMIN","1","0","");
INSERT INTO cadetes VALUES("40","003-S-07","SANMARTIN","URQUIDI","DEYNAR","1","0","");
INSERT INTO cadetes VALUES("41","083-S-07","SARAVIA","ORTIZ","OSCAR DOUGLAS","1","0","");
INSERT INTO cadetes VALUES("42","074-S-07","SOMOZA","COBARRUBIA","MAURICIO","1","0","");
INSERT INTO cadetes VALUES("43","044-T-07","TERCEROS","NU√ëEZ","JAIME FELIPE","1","0","");
INSERT INTO cadetes VALUES("44","149-T-07","TERCEROS","CESPEDES","RICHARD IVAN","1","0","");
INSERT INTO cadetes VALUES("45","150-T-07","TERRAZAS","RODRIGUEZ","JULIO CESAR","1","0","");
INSERT INTO cadetes VALUES("46","018-T-07","TITO","CORONEL","HARRY OTTO","1","0","");
INSERT INTO cadetes VALUES("47","120-T-05","TORRICO","CAMACHO","EDWIN ISRAEL","1","0","");
INSERT INTO cadetes VALUES("48","102-V-07","VASQUEZ","PADILLA","EDUARDO OMAR","1","0","");
INSERT INTO cadetes VALUES("49","055-V-07","VEGA","ACEBEY","JOSE WALTER","1","0","");
INSERT INTO cadetes VALUES("50","011-V-07","VENEROS","URQUIETA","JAVIER ALEXANDER","1","0","");
INSERT INTO cadetes VALUES("51","185-V-05","VERGARA","BRAVO","MICHAEL GERMAN","1","0","");
INSERT INTO cadetes VALUES("52","012-Y-07","YANNE","GALVEZ","RONNY","1","0","");
INSERT INTO cadetes VALUES("53","101-Z-07","ZAPATA","RIOS","CARLOS JESUS","1","0","");
INSERT INTO cadetes VALUES("54","004-Z-07","ZENTENO","ESCALERA","MILTON","1","0","");
INSERT INTO cadetes VALUES("55","001-A-10","AGUILAR","ARISPE","RODRIGO","1","0","");
INSERT INTO cadetes VALUES("56","122-A-08","ALARCON","SOSA","ELLIOT MARK","1","0","");
INSERT INTO cadetes VALUES("57","025-A-07","ALCONZ","MERCADO","BORIS VLADIMIR","1","0","");
INSERT INTO cadetes VALUES("58","014-A-10","ALVAREZ","RADUAN","AVARO HASSAN","1","0","");
INSERT INTO cadetes VALUES("59","017-A-10","APARICIO","MARQUEZ","HUGO ALEJANDRO","1","0","");
INSERT INTO cadetes VALUES("60","021-A-10","ARICOMA","FERNANDEZ","ISRAEL","1","0","");
INSERT INTO cadetes VALUES("61","245-B-10","BURGOS","EVIA","JUAN PABLO","1","0","");
INSERT INTO cadetes VALUES("62","045-C-10","CERRUTO","RODRIGUEZ","CARLOS","1","0","");
INSERT INTO cadetes VALUES("63","249-C-10","CHAMBI","CANO","WILDER","1","0","");
INSERT INTO cadetes VALUES("64","079-C-08","CHAVEZ","ROJAS","FREDDY JAMIL","1","0","");
INSERT INTO cadetes VALUES("65","053-C-10","CHIPANA","CHACON","RAFAEL EDWIN","1","0","");
INSERT INTO cadetes VALUES("66","062-C-10","COARITE","SANCHEZ","EVER IVAN","1","0","");
INSERT INTO cadetes VALUES("67","067-C-10","CORDERO","MAMANI","ROLMAN","1","0","");
INSERT INTO cadetes VALUES("68","070-C-10","CORTEZ","MAMANI","DEYMAR","1","0","");
INSERT INTO cadetes VALUES("69","072-C-10","CUBA","RODRIGUEZ","DANIEL","1","0","");
INSERT INTO cadetes VALUES("70","074-C-10","CUENTAS","MALDONADO","LUDWIN CRISTIAN","1","0","");
INSERT INTO cadetes VALUES("71","073-C-10","CUENTAS","APAZA","LUIS ALBERTO","1","0","");
INSERT INTO cadetes VALUES("72","078-D-10","DURAN","VISCARRA","LUIS RICARDO","1","0","");
INSERT INTO cadetes VALUES("73","079-E-10","ESCALANTE","WINKELMANN","JORGE DANIEL","1","0","");
INSERT INTO cadetes VALUES("74","084-E-10","ESPINOZA","GUTIERREZ","GONZALO LUIS","1","0","");
INSERT INTO cadetes VALUES("75","094-F-10","FRANCO","ROCHA","ARIEL GUSTAVO","1","0","");
INSERT INTO cadetes VALUES("76","099-G-10","GARCIA","VEIZAGA","ERICKABOUT","1","0","");
INSERT INTO cadetes VALUES("77","101-G-10","GOMEZ","MONTANO","PABLO RODRIGO","1","0","");
INSERT INTO cadetes VALUES("78","247-G-10","GUTIERREZ","BERDEJA","JONATAN","1","0","");
INSERT INTO cadetes VALUES("79","105-H-10","HE RE DIA","GUTIERREZ","WALTER","1","0","");
INSERT INTO cadetes VALUES("80","264-L-10","LAURA","CARRILLO","MANUELALVARO","1","0","");
INSERT INTO cadetes VALUES("81","125-L-10","LOZADA","PEREZ","DANIEL IVAN","1","0","");
INSERT INTO cadetes VALUES("82","128-M-10","MACHADO","SANTA CRUZ","GABRIEL ISRAEL","1","0","");
INSERT INTO cadetes VALUES("83","140-M-10","MENDOZA","VALVERDE","MARCO ANTONIO","1","0","");
INSERT INTO cadetes VALUES("84","142-M-10","MIRANDA","CHOQUE","IVAN","1","0","");
INSERT INTO cadetes VALUES("85","146-M-10","MONTECINOS","IBA√ëEZ","DIEGO JAIME","1","0","");
INSERT INTO cadetes VALUES("86","148-M-10","MORALES","GUTIERREZ","JAIME CRISTHIAN","1","0","");
INSERT INTO cadetes VALUES("87","086-0-08","CRELLANA","CALVI","DANIEL ALBERTO","1","0","");
INSERT INTO cadetes VALUES("88","165-P-10","PRUDENCIO","MIRANDA","ORLANDO WALTER","1","0","");
INSERT INTO cadetes VALUES("89","127-Q-08","QUIPILDOR","RAMIREZ","HUGO GONZALO","1","0","");
INSERT INTO cadetes VALUES("90","170-Q-10","QUIPILDOR","HERRERA","CHRISTIAN FERNANDO","1","0","");
INSERT INTO cadetes VALUES("91","177-R-10","REVOLLO","FERNANDEZ","ARMANDO MIGUEL","1","0","");
INSERT INTO cadetes VALUES("92","183-R-10","ROCABADO","SUAREZ","RODRIGO","1","0","");
INSERT INTO cadetes VALUES("93","015-R-07","ROMERO","BADANI","JUAN ORLANDO","1","0","");
INSERT INTO cadetes VALUES("94","091-S-08","SUXO","CALLISAYA","GUERY FRANZ","1","0","");
INSERT INTO cadetes VALUES("95","255-Y-10","YUJRA","QUISBERTH","SERGIO RICARDO","1","0","");
INSERT INTO cadetes VALUES("96","232-Z-10","ZAPANA","CHAMBI","ALEX ISRAEL","1","0","");
INSERT INTO cadetes VALUES("97","233-Z-10","ZEGARRA","CHOQUE","OSCAR JAIME","1","0","");
INSERT INTO cadetes VALUES("98","008-A-10","ALBA","VARGAS","RICHARD EDWIN","1","0","");
INSERT INTO cadetes VALUES("99","250-A-10","AMARU","PACO","YESID GARY","1","0","");
INSERT INTO cadetes VALUES("100","128-A-07","AYLLON","ANTELO","JAVIER EDUARDO","1","0","");
INSERT INTO cadetes VALUES("101","029-B-10","BAZUALDO","CRUZ","JOSE EDUARDO","1","0","");
INSERT INTO cadetes VALUES("102","031-B-10","BENAVENTE","BLANCO","OSCAR MAURICIO","1","0","");
INSERT INTO cadetes VALUES("103","263-B-10","BRAVO","TACURI","SIXTO LUIS","1","0","");
INSERT INTO cadetes VALUES("104","034-B-10","BUSTENCIO","QUENATA","VIADIMIR","1","0","");
INSERT INTO cadetes VALUES("105","038-C-10","CALLIZAYA","MAMANI","JAVIER AMILCAR","1","0","");
INSERT INTO cadetes VALUES("106","048-C-10","CHAVEZ","ALCON","ALVARO","1","0","");
INSERT INTO cadetes VALUES("107","056-C-08","OOIMBRA","RONCAL","LUIS EDUARDO","1","0","");
INSERT INTO cadetes VALUES("108","063-C-10","COLQUE","CHAVEZ","NOE LUCAS","1","0","");
INSERT INTO cadetes VALUES("109","076-D-08","DORIA MEDINA","JIMENEZ","ABELJOEL","1","0","");
INSERT INTO cadetes VALUES("110","081-E-10","ESCALERA","SOSSA","ISAAC GERMAN","1","0","");
INSERT INTO cadetes VALUES("111","083-E-10","ESCOBAR","CASTRO","JAIRO ROBERTO","1","0","");
INSERT INTO cadetes VALUES("112","091-F-10","FLORES","CASTA√ëETA","DIEGO MARIO","1","0","");
INSERT INTO cadetes VALUES("113","095-G-10","GALLO","PACHECO","JORGE RENE","1","0","");
INSERT INTO cadetes VALUES("114","246-H-10","HUANACO","CUTI LE","OMAR CRISTHIAN","1","0","");
INSERT INTO cadetes VALUES("115","113-1-10","ILLANES","ROJAS","JULIO ABEL","1","0","");
INSERT INTO cadetes VALUES("116","123-L-10","LOPEZ","ALPIRE","HEYDEN","1","0","");
INSERT INTO cadetes VALUES("117","150-N-10","NINA","CONDORI","EDWIN","1","0","");
INSERT INTO cadetes VALUES("118","158-P-10","PAREDES","ORTEGA","MOISES","1","0","");
INSERT INTO cadetes VALUES("119","160-P-10","PILCO","MAMANI","SANDRO MIKE","1","0","");
INSERT INTO cadetes VALUES("120","161-P-10","PINTO","CAHUAYA","MIGUEL ANGEL","1","0","");
INSERT INTO cadetes VALUES("121","068-P-08","PIZARROSO","MENDIETA","IVAN ARTURO","1","0","");
INSERT INTO cadetes VALUES("122","166-Q-10","QUEREMA","ARCE","FRANKLIN","1","0","");
INSERT INTO cadetes VALUES("123","259-Q-10","QUISPE","APAZA","WILDER RODRIGO","1","0","");
INSERT INTO cadetes VALUES("124","181-R-10","RIVERO","VALENCIA","LUIS ALBERTO","1","0","");
INSERT INTO cadetes VALUES("125","185-R-10","RODRIGUEZ","JUSTINIANO","JUNIOR RODOLFO","1","0","");
INSERT INTO cadetes VALUES("126","186-R-10","ROJAS","APAZA","LIMBERT EDSON","1","0","");
INSERT INTO cadetes VALUES("127","193-R-10","ROMERO","MELGAR","MARIO ALBERTO","1","0","");
INSERT INTO cadetes VALUES("128","131-S-08","SALINAS","MIRANDA","MARCELO","1","0","");
INSERT INTO cadetes VALUES("129","051-S-07","SILLERICO","CALLISAYA","ALVARO CRISTIAN","1","0","");
INSERT INTO cadetes VALUES("130","202-S-10","SOSA","SACARI","EDSON VLADIMIR","1","0","");
INSERT INTO cadetes VALUES("131","203-S-10","SOSA","LEDEZMA","BRIAN","1","0","");
INSERT INTO cadetes VALUES("132","204-S-10","SOSSA","QUEQUESANI","MIGUEL VICTOR","1","0","");
INSERT INTO cadetes VALUES("133","129-T-08","TARIFA","ESCOBAR","GABRIEL ROBRIGO","1","0","");
INSERT INTO cadetes VALUES("134","116-T-08","TICONA","MAMANI","SIXTO RODRIGO","1","0","");
INSERT INTO cadetes VALUES("135","001-T-08","TRUJILLO","CHATA","NIKE","1","0","");
INSERT INTO cadetes VALUES("136","257-V-10","VARGAS","DORADO","EDWIN VICENTE","1","0","");
INSERT INTO cadetes VALUES("137","228-V-10","VILLA","MARTINEZ","VICTOR MANUEL","1","0","");
INSERT INTO cadetes VALUES("138","012-A-10","ALIAGA","VILLAVICENCIO","GONZALO","1","0","");
INSERT INTO cadetes VALUES("139","015-A-10","ALVAREZ","BLANCO","IVER FIDEL","1","0","");
INSERT INTO cadetes VALUES("140","083-A-08","ARTEAGA","MIRANDA","WALTER ALE JANDRO","1","0","");
INSERT INTO cadetes VALUES("141","027-A-10","AZCUI","LOPEZ VIDELA","FERNANDO","1","0","");
INSERT INTO cadetes VALUES("142","032-B-10","BENITO","RIVERA","JESUS REYNALDO","1","0","");
INSERT INTO cadetes VALUES("143","037-C-10","CALLE","PAUCARA","JOSE LUIS","1","0","");
INSERT INTO cadetes VALUES("144","039-C-10","CANAHUI","GUACHALLA","RUBEN","1","0","");
INSERT INTO cadetes VALUES("145","043-C-10","CAUSSIN","LOPEZ","ELLIOT JORGE","1","0","");
INSERT INTO cadetes VALUES("146","045-C-10","CERON","SUAREZ","RE MB ERTO","1","0","");
INSERT INTO cadetes VALUES("147","050-C-10","CHAVEZ","CRUZ","FRANZ REYNALDO","1","0","");
INSERT INTO cadetes VALUES("148","261-C-10","CONDORI","MAMANI","ARIEL CELESTINO","1","0","");
INSERT INTO cadetes VALUES("149","071-C-10","CRUZ","DE LA CRUZ","ALEX","1","0","");
INSERT INTO cadetes VALUES("150","265-C-10","CRUZ","HUANCA","EDDY HERNANDO","1","0","");
INSERT INTO cadetes VALUES("151","082-E-10","ESCALERA","ARRAZOLA","GILBER","1","0","");
INSERT INTO cadetes VALUES("152","088-F-10","FLORES","ACHA","SERGIO JHAMILL ANTONIO","1","0","");
INSERT INTO cadetes VALUES("153","090-F-10","FLORES","BUTRON","JIMBLER YAMIL","1","0","");
INSERT INTO cadetes VALUES("154","050-G-08","GARCIA","TERRAZAS","EDSON CRISTIAN","1","0","");
INSERT INTO cadetes VALUES("155","105-H-10","HINOJOSA","QUISPE","JOSE CARLOS","1","0","");
INSERT INTO cadetes VALUES("156","242-H-10","HUARACHI","ALEJO","ANGEL","1","0","");
INSERT INTO cadetes VALUES("157","116-J-10","JIMENEZ","MAMANI","EBERTERNESTO","1","0","");
INSERT INTO cadetes VALUES("158","118-L-10","LANGUIDEY","PATRONI","JUAN MANUEL","1","0","");
INSERT INTO cadetes VALUES("159","022-L-08","LAURA","QUETEGUARI","ARMIN JUAN PABLO","1","0","");
INSERT INTO cadetes VALUES("160","065-L-08","LOAYZA","SI√ëANI","HUMBERTO RODRIGO","1","0","");
INSERT INTO cadetes VALUES("161","134-M-10","MAYTA","COLQUE","HEBERT RODOLFO","1","0","");
INSERT INTO cadetes VALUES("162","137-M-10","MENDOZA","COPANA","ROLY","1","0","");
INSERT INTO cadetes VALUES("163","248-M-10","MOLLERICONA","RODRIGUEZ","JORGE LUIS","1","0","");
INSERT INTO cadetes VALUES("164","244-N-10","NINA","ALANOCA","BRYANCARLOS","1","0","");
INSERT INTO cadetes VALUES("165","175-R-10","RAMIREZ","GONZALES","JULIO ALE JANDRO","1","0","");
INSERT INTO cadetes VALUES("166","015-R-08","ROMAY","ALARCON","DANIEL JESUS","1","0","");
INSERT INTO cadetes VALUES("167","194-S-10","SAHONERO","ZARATE","JUAN ANTONIO","1","0","");
INSERT INTO cadetes VALUES("168","197-S-10","SEJAS","KRAMER","CARLOS EMILIO","1","0","");
INSERT INTO cadetes VALUES("169","213-T-10","TITO","MAMANI","VICTOR","1","0","");
INSERT INTO cadetes VALUES("170","238-T-10","TITO","TITO","OMAR","1","0","");
INSERT INTO cadetes VALUES("171","216-T-10","TORRICO","SELAEZ","MARIO ALE JANDRO","1","0","");
INSERT INTO cadetes VALUES("172","224-V-10","VARGAS","PINELL","RODRIGO","1","0","");
INSERT INTO cadetes VALUES("173","226-V-10","VELARDE","ALVARADO","ISRAEL KADIR","1","0","");
INSERT INTO cadetes VALUES("174","139-A-05","AGUILAR","SAAVEDRA","MARCO AURELIO","1","0","thumbnail_1282789959.jpg");
INSERT INTO cadetes VALUES("175","003-A-05","ALIAGA","PAREDES","RENE RODRIGO","1","0","");
INSERT INTO cadetes VALUES("176","094-A-05","ALTAMIRANO","CACHICATARI","CRISTHIAN","1","0","");
INSERT INTO cadetes VALUES("177","058-A-06","AUZA","TORREZ","GONZALO","1","0","");
INSERT INTO cadetes VALUES("178","012-B-06","BALDIVIESO","CALLISAYA","WILLIAM LUDWIG","1","0","");
INSERT INTO cadetes VALUES("179","131-C-04","CACHI","ABASTO","DOUGLAS MARCELO","1","0","");
INSERT INTO cadetes VALUES("180","042-C-06","CALCINA","ROJAS","J HO NATHAN FRANKLIN","1","0","");
INSERT INTO cadetes VALUES("181","059-C-05","CALLISAYA","MAMANI","HENRY JUAN","1","0","");
INSERT INTO cadetes VALUES("182","013-C-06","CASTRO","TERRAZAS","LUIS FERNANDO","1","0","");
INSERT INTO cadetes VALUES("183","175-C-06","CHAMBI","VI LA","JUAN CARLOS","1","0","");
INSERT INTO cadetes VALUES("184","035-C-04","CHOQUE","EG‹EZ","LUIS ALBERTO","1","0","");
INSERT INTO cadetes VALUES("185","153-C-05","CHOQUE","GUZM¡N","JUAN CARLOS","1","0","");
INSERT INTO cadetes VALUES("186","146-C-05","COLMAN","COLMAN","GALINDO GAINS","1","0","");
INSERT INTO cadetes VALUES("187","014-C-06","COLQUE","CAREAGA","JOSE MANUEL","1","0","");
INSERT INTO cadetes VALUES("188","049-C-06","CORDERO","CAMPOS","PABLO RENE","1","0","");
INSERT INTO cadetes VALUES("189","090-C-05","CORTEZ","INCHAUSTI","ALVARO","1","0","");
INSERT INTO cadetes VALUES("190","066-D-06","DELGADILLO","ZAPATA","ERICK","1","0","");
INSERT INTO cadetes VALUES("191","060-E-06","ESCOBAR","AGUILAR","JAVIER","1","0","");
INSERT INTO cadetes VALUES("192","025-E-05","ESCOBAR","AQUINO","REINALDO","1","0","");
INSERT INTO cadetes VALUES("193","051-F-05","FERN¡NDEZ","RIVERA","JUAN CARLOS","1","0","");
INSERT INTO cadetes VALUES("194","078-F-06","FLORES","ROJAS","JOSE CARLOS","1","0","");
INSERT INTO cadetes VALUES("195","003-F-06","FLORES","VENTURA","HERNAN","1","0","");
INSERT INTO cadetes VALUES("196","026-G-05","GAMEZ","SALINAS","OSCARANTONIO","1","0","");
INSERT INTO cadetes VALUES("197","113-G-05","GARCÕA","CASTRO","ELVIS SANDRO","1","0","");
INSERT INTO cadetes VALUES("198","135-G-06","GIRON","HE RE DIA","WILBERT RENAN","1","0","");
INSERT INTO cadetes VALUES("199","055-G-06","GONZALES","SILVA","MARCO","1","0","");
INSERT INTO cadetes VALUES("200","004-I-06","IBARRA","SOLIZ","HENRY","1","0","");
INSERT INTO cadetes VALUES("201","093-J-05","JAEN","ESPADA","FRANZALEX","1","0","");
INSERT INTO cadetes VALUES("202","129-J-05","JUSTINIANO","PARADA","DIEGO ALEJANDRC","1","0","");
INSERT INTO cadetes VALUES("203","001-L-06","LIMA","PE√ëALOZA","MICHAEL AMILCAR","1","0","");
INSERT INTO cadetes VALUES("204","070-KW) 6","MACHICA DO","DAZA","NELSON MANUEL","1","0","");
INSERT INTO cadetes VALUES("205","045-M-05","MAMANI","QUISPE","ALEX","1","0","");
INSERT INTO cadetes VALUES("206","093-M-Q6","MENDEZ","IQUISE","JOAQUIN LEONEL","1","0","");
INSERT INTO cadetes VALUES("207","066-M-04","MERCADO","MEJIA","DANIEL OMAR","1","0","");
INSERT INTO cadetes VALUES("208","083-M-06","MOLLINEDO","GUTIERREZ","EDSON","1","0","");
INSERT INTO cadetes VALUES("209","157-M-06","MORALES","DE LATORRE","LUIS JOSHIMAR","1","0","");
INSERT INTO cadetes VALUES("210","038-N-05","NAVIA","VALENCIA","ELMER","1","0","");
INSERT INTO cadetes VALUES("211","005-N-05","NINA","CONDORI","DENNIZOSMAN","1","0","");
INSERT INTO cadetes VALUES("212","034-C-05","ORELLANA","COCA","IVAN ORLANDO","1","0","");
INSERT INTO cadetes VALUES("213","052-0-05","ORTIZ","-","FERNANDO JOSE","1","0","");
INSERT INTO cadetes VALUES("214","144-T-05","TARQUI","CONDE","JOS… ABEL","1","0","");
INSERT INTO cadetes VALUES("215","131-T-05","TEJERINA","SOLARES","DANIEL","1","0","");
INSERT INTO cadetes VALUES("216","119-T-05","TERRAZAS","AZURDUY","ROGER VIDAL","1","0","");
INSERT INTO cadetes VALUES("217","112-V-05","VALENCIA","MONASTERIOS","PABLO ARTURO","1","0","");
INSERT INTO cadetes VALUES("218","020-V-05","VELASQUEZ","FARFAN","SERGIO DANIEL","1","0","");
INSERT INTO cadetes VALUES("219","117-V-05","VERA","GILAGACH","BORIS IVAN","1","0","");
INSERT INTO cadetes VALUES("220","101-V-05","VIDAURRE","PAZ","CESAR","1","0","");
INSERT INTO cadetes VALUES("221","032-V-05","VIDES","FERNANDEZ","EBERYANY","1","0","");
INSERT INTO cadetes VALUES("222","002-V-05","VILLCA","LUNA","ELISEO","1","0","");
INSERT INTO cadetes VALUES("223","118-Y-05","YANA","ZAPATA","MARCOS FERNANDO","1","0","");
INSERT INTO cadetes VALUES("224","026-A-08","ACU√ëA","APAZA","ARIEL","1","0","");
INSERT INTO cadetes VALUES("225","137-A-07","AGUILAR","RODRIGUEZ","LUIS ARNOLDO","1","0","");
INSERT INTO cadetes VALUES("226","021-A-08","AJAILLO","GIRON","JHONNY GUSTAVO","1","0","");
INSERT INTO cadetes VALUES("227","007-A-08","ANTEZANA","ALIAGA","FRANZ ISRAEL","1","0","");
INSERT INTO cadetes VALUES("228","080-A-08","ANTEZANA","ALVARADO","JOEL KAROL","1","0","");
INSERT INTO cadetes VALUES("229","064-A-06","APAZA","CHINO","DIEGO WILSON","1","0","");
INSERT INTO cadetes VALUES("230","075-A-08","ARGANDO√ëA","RODAS","JORGE RAMIRO","1","0","");
INSERT INTO cadetes VALUES("231","004-C-08","CALLISAYA","QUISPE","JAVIER","1","0","");
INSERT INTO cadetes VALUES("232","022-C-07","CASTRO","GUTIERREZ","FRANZ RUDY","1","0","");
INSERT INTO cadetes VALUES("233","093-C-08","CASTRO","INOFUENTES","JHONATTAN JOSE","1","0","");
INSERT INTO cadetes VALUES("234","008-C-07","CHAMBI","LIZARAZU","JULIO CESAR","1","0","");
INSERT INTO cadetes VALUES("235","071-C-08","CHOQUE","RIOS","JOSE","1","0","");
INSERT INTO cadetes VALUES("236","001-C-07","CHOQUE","TICONA","FREDY","1","0","");
INSERT INTO cadetes VALUES("237","118-D-07","DELGADILLO","IRIARTE","EDSON GONZALO","1","0","");
INSERT INTO cadetes VALUES("238","118-F-08","FERNANDEZ","SORUCO","CARLOS FERNANDO","1","0","");
INSERT INTO cadetes VALUES("239","082-F-07","FRANCO","SANTANA","OMARERICK","1","0","");
INSERT INTO cadetes VALUES("240","033-G-08","GARCIA","LINARES","LUIS DAVID","1","0","");
INSERT INTO cadetes VALUES("241","095-G-08","GORENA","RODRIGUEZ","JAIME MAURICIO","1","0","");
INSERT INTO cadetes VALUES("242","049-G-08","GOZALVEZ","ZAM6RANA","TEDDY OMAR","1","0","");
INSERT INTO cadetes VALUES("243","124-1-08","ITURRY","LARREA","CESAR EDUARDO","1","0","");
INSERT INTO cadetes VALUES("244","123-1-08","ITURRY","LARREA","CESAR ENRIQUE","1","0","");
INSERT INTO cadetes VALUES("245","098-L-08","LAURA","CHOQUE","ALEXANDER DO RIAN","1","0","");
INSERT INTO cadetes VALUES("246","146-L-07","LOPEZ","ARICOMA","LUIS ABRAHAM","1","0","");
INSERT INTO cadetes VALUES("247","019-L-07","LOZANO","MORON","JUAN MARCELO","1","0","");
INSERT INTO cadetes VALUES("248","060-M-08","MACHACA","CHURQUI","ROL Y IVAN","1","0","");
INSERT INTO cadetes VALUES("249","003-M-08","MAMANI","ARUQUIPA","JUAN MANUEL","1","0","");
INSERT INTO cadetes VALUES("250","136-M-08","MAMANI","SANCHEZ","OMAR EDWIN","1","0","");
INSERT INTO cadetes VALUES("251","071-M-07","MARIN","MOGRO","SERGIO DANILO","1","0","");
INSERT INTO cadetes VALUES("252","059-M-08","MARTINEZ","MICHAGA","HUGO RICARDO","1","0","");
INSERT INTO cadetes VALUES("253","067-M-08","MENDOZA","CHACON","ALFREDALEXANDER","1","0","");
INSERT INTO cadetes VALUES("254","105-M-08","MENECES","PACHECO","JUAN PABLO","1","0","");
INSERT INTO cadetes VALUES("255","019-M-08","MOLLINEDO","GUTIERREZ","MAX","1","0","");
INSERT INTO cadetes VALUES("256","085-M-08","MORALES","JALDIN","JORGE FELIX","1","0","");
INSERT INTO cadetes VALUES("257","084-M-08","MOYA","POMA","WILLIAM JAIME","1","0","");
INSERT INTO cadetes VALUES("258","064-N-07","NACHO","MAMANCUSI","WILDER","1","0","");
INSERT INTO cadetes VALUES("259","053-0-05","ORIHUELA","CAYO","JOHN CAMILO","1","0","");
INSERT INTO cadetes VALUES("260","100-0-08","ORTU√ëO","GONZALES","ALDO SERGIO","1","0","");
INSERT INTO cadetes VALUES("261","011-P-08","PAZ","BARRA","RAFAEL ALEJANDRO","1","0","");
INSERT INTO cadetes VALUES("262","115-P-08","PEREZ","PEDRAZA","FRANKLIN","1","0","");
INSERT INTO cadetes VALUES("263","119-Q-08","QUIPILDOR","CORTEZ","JUAN CARLOS","1","0","");
INSERT INTO cadetes VALUES("264","128-Q-08","QUISBERT","CCCARICO","ROLY GONZALO","1","0","");
INSERT INTO cadetes VALUES("265","078-Q-07","QUISBERT","CONDORI","EVER MARIO","1","0","");
INSERT INTO cadetes VALUES("266","005-R-08","RAMIREZ","SALINAS","DANIEL GARY","1","0","");
INSERT INTO cadetes VALUES("267","055-R-08","REAS","AMARU","ABRHAM RICHARD","1","0","");
INSERT INTO cadetes VALUES("268","084-R-07","ROJAS","CUELLAR","JOSE LUIS","1","0","");
INSERT INTO cadetes VALUES("269","120-R-07","ROJAS","SALGUERO","VLADIMIR JHONNY","1","0","");
INSERT INTO cadetes VALUES("270","037-S-05","SOLIZ","ALEJO","ERWIN LUIS","1","0","");
INSERT INTO cadetes VALUES("271","034-T-08","TEJERINA","BLANCO","JHONATAN ENRIQUE","1","0","");
INSERT INTO cadetes VALUES("272","053-T-08","THELLAECHE","BORDA","JUAN PABLO","1","0","");
INSERT INTO cadetes VALUES("273","045-T-08","TORREZ","CHOQUE","SERGIO FERNANDO","1","0","");
INSERT INTO cadetes VALUES("274","054-T-08","TRUJILLO","AYALA","ALEJANDRO VINCENT","1","0","");
INSERT INTO cadetes VALUES("275","023-V-08","VARGAS","QUIROZ","HERNANGUERY","1","0","");
INSERT INTO cadetes VALUES("276","089-V-08","VEGA","FUENTES","JUAN CARLOS","1","0","");
INSERT INTO cadetes VALUES("277","031-Y-08","YUMANI","FLORES","FELSY MANUEL","1","0","");
INSERT INTO cadetes VALUES("278","028-Z-08","ZEBALLOS","GUEVARA","BRIAN","1","0","");
INSERT INTO cadetes VALUES("279","039-Z-08","ZURITA","CARRASCO","JORGE LUIS","1","0","");



DROP TABLE consejodisciplinario;

CREATE TABLE `consejodisciplinario` (
  `idConsejo` int(11) NOT NULL AUTO_INCREMENT,
  `idRegistro` int(11) DEFAULT NULL,
  `idGestion` int(4) DEFAULT NULL,
  `idFalta` int(11) DEFAULT NULL,
  `numero` varchar(10) DEFAULT NULL,
  `gestion` int(5) DEFAULT NULL,
  `fechaIngreso` date DEFAULT NULL,
  `baja` tinyint(1) DEFAULT '0',
  PRIMARY KEY (`idConsejo`)
) ENGINE=MyISAM AUTO_INCREMENT=13 DEFAULT CHARSET=latin1;

INSERT INTO consejodisciplinario VALUES("10","224","","3","12/34","2010","2010-08-26","0");
INSERT INTO consejodisciplinario VALUES("11","98","","23","45","2010","2010-08-26","0");
INSERT INTO consejodisciplinario VALUES("12","139","","11","15/36","2010","2010-08-26","0");



DROP TABLE cursos;

CREATE TABLE `cursos` (
  `idCurso` int(2) NOT NULL AUTO_INCREMENT,
  `curso` varchar(255) DEFAULT NULL,
  `compania` varchar(255) DEFAULT NULL,
  `curso2` varchar(20) DEFAULT NULL,
  `limitePuntos` int(4) DEFAULT NULL,
  `coeficiente` double(3,2) DEFAULT NULL,
  `puntosExcesivos` int(4) DEFAULT NULL,
  `curso3` int(2) DEFAULT NULL,
  PRIMARY KEY (`idCurso`)
) ENGINE=MyISAM AUTO_INCREMENT=6 DEFAULT CHARSET=latin1;

INSERT INTO cursos VALUES("1","1 - Primero","","PRIMER","40","1.00","200","1");
INSERT INTO cursos VALUES("2","2 - Segundo","","SEGUNDO","32","1.25","160","2");
INSERT INTO cursos VALUES("3","3 - Tercero","","TERCER","25","1.60","125","3");
INSERT INTO cursos VALUES("4","4 - Cuarto","","CUARTO","20","2.00","100","4");
INSERT INTO cursos VALUES("5","5 - Quinto","","QUINTO","16","2.50","80","5");



DROP TABLE faltas;

CREATE TABLE `faltas` (
  `idFalta` int(5) NOT NULL AUTO_INCREMENT,
  `idTipoFalta` int(11) DEFAULT NULL,
  `falta` varchar(255) DEFAULT NULL,
  PRIMARY KEY (`idFalta`)
) ENGINE=MyISAM AUTO_INCREMENT=376 DEFAULT CHARSET=latin1;

INSERT INTO faltas VALUES("2","1","DEMOSTRAR  FALTA DE HONRADEZ AL APROPIARSE DE EQUIPO, MATERIAL O PRENDAS QUE NO LE PERTENECEN.");
INSERT INTO faltas VALUES("3","1","COMETER UN ACTO DE HURTO O ROBO COMPROBADO DENTRO O FUERA DEL INSTITUTO.");
INSERT INTO faltas VALUES("4","1","ADULTERAR UN PARTE DE SANCI√ìN.");
INSERT INTO faltas VALUES("5","1","ADULTERAR LAS RESPUESTAS DE UN EXAMEN ESCRITO.");
INSERT INTO faltas VALUES("6","1","ATENTAR CONTRA SU VIDA O LA DE SUS SEMEJANTES.");
INSERT INTO faltas VALUES("7","1","INGERIR  BEBIDAS ALCOH√ìLICAS DENTRO EL INSTITUTO.");
INSERT INTO faltas VALUES("8","1","COMETER ACTOS QUE ATENTEN CONTRA LA DIGNIDAD PERSONAL.");
INSERT INTO faltas VALUES("9","1","REALIZAR ACCIONES Y/O ACTIVIDADES HOMOSEXUALES.");
INSERT INTO faltas VALUES("10","1","CONSUMIR DROGAS Y/O ESTUPEFACIENTES DENTRO O FUERA DEL INSTITUTO.");
INSERT INTO faltas VALUES("11","1","CONTRAER MATRIMONIO.");
INSERT INTO faltas VALUES("12","1","DESACREDITAR A UN SUPERIOR VALI√âNDOSE DE AN√ìNIMOS.");
INSERT INTO faltas VALUES("13","1","REALIZAR FRAUDE EN EXAMEN.");
INSERT INTO faltas VALUES("14","1","FACILITAR LA FUGA DE UN CADETE.");
INSERT INTO faltas VALUES("15","1","FALSIFICAR DOCUMENTACI√ìN.");
INSERT INTO faltas VALUES("16","1","INGRESAR AL INSTITUTO EN ESTADO DE EMBRIAGUEZ.");
INSERT INTO faltas VALUES("17","1","ATENTAR CONTRA LA INTEGRIDAD F√çSICA DEL PERSONAL.");
INSERT INTO faltas VALUES("18","1","AGREDIR DE HECHO (F√çSICAMENTE) A UN SUPERIOR, CAMARADA O UN SUBALTERNO.");
INSERT INTO faltas VALUES("19","1","INTRODUCIR BEBIDAS ALCOH√ìLICAS AL INSTITUTO.");
INSERT INTO faltas VALUES("20","1","INTRODUCIR DROGAS O ESTUPEFACIENTES AL INSTITUTO.");
INSERT INTO faltas VALUES("21","1","COMETER ACTOS DE INSUBORDINACI√ìN.");
INSERT INTO faltas VALUES("22","1","OBTENER INFORMACI√ìN Y/O RESPUESTAS DE EX√ÅMENES POR MEDIOS IL√çCITOS.");
INSERT INTO faltas VALUES("23","1","PERTENECER A PARTIDOS POL√çTICOS.");
INSERT INTO faltas VALUES("24","1","PERTENECER A LOGIAS, GRUPOS O SINDICATOS.");
INSERT INTO faltas VALUES("25","1","SALIR DEL INSTITUTO ESTANDO DE GUARDIA.");
INSERT INTO faltas VALUES("26","1","ABANDONAR EL INSTITUTO ESTANDO ARRESTADO.");
INSERT INTO faltas VALUES("27","1","SALIR DEL INSTITUTO SIN AUTORIZACI√ìN.");
INSERT INTO faltas VALUES("28","1","SOMETER A VEJAMEN A UN SUBALTERNO.");
INSERT INTO faltas VALUES("29","1","INCORPORARSE AL INSTITUTO  EN ESTADO DE EBRIEDAD.");
INSERT INTO faltas VALUES("30","2","PERDER ARMAMENTO O PARTES DEL MISMO, POR NEGLIGENCIA O DESCUIDO COMPROBADO.");
INSERT INTO faltas VALUES("31","2","CONCURRIR A  MITINES POL√çTICOS PUBLICOS.");
INSERT INTO faltas VALUES("32","2","ASISTIR A FIESTAS PATROCINADAS POR PARTIDOS POL√çTICOS.");
INSERT INTO faltas VALUES("33","2","COMETER ACTOS DE ABUSO DE  AUTORIDAD.");
INSERT INTO faltas VALUES("34","2","COMETER ACTOS ARBITRARIOS Y/O RE√ëIDOS CON LA MORAL.");
INSERT INTO faltas VALUES("35","2","DA√ëAR MATERIAL, ARMAMENTO Y OTROS INTENCIONALMENTE.");
INSERT INTO faltas VALUES("36","2","COMETER ACTOS DE DESACATO AL ORDEN PUBLICO.");
INSERT INTO faltas VALUES("37","2","DIVULGAR INFORMACI√ìN CLASIFICADA.");
INSERT INTO faltas VALUES("38","2","DORMIR ESTANDO DE GUARDIA.");
INSERT INTO faltas VALUES("39","2","CIRCULAR EN ESTADO DE EBRIEDAD EN LA V√çA PUBLICA.");
INSERT INTO faltas VALUES("40","2","INGERIR BEBIDAS ALCOH√ìLICAS EN LUGARES NO AUTORIZADOS.");
INSERT INTO faltas VALUES("41","2","ENCONTRARSE EN ESTADO DE EBRIEDAD VISTIENDO UNIFORME.");
INSERT INTO faltas VALUES("42","2","ELUDIR EL CONDUCTO REGULAR PARA REALIZAR REPRESENTACIONES.");
INSERT INTO faltas VALUES("43","2","PROVOCAR ESC√ÅNDALO EN ESTADO DE EBRIEDAD.");
INSERT INTO faltas VALUES("44","2","CONTRIBUIR A  HACER FRAUDE EN EXAMEN.");
INSERT INTO faltas VALUES("45","2","ESTAR PREPARADO O TENER AYUDAS PARA COPIAR DURANTE UN EXAMEN.");
INSERT INTO faltas VALUES("46","2","INTENTAR COPIAR DURANTE UN EXAMEN.");
INSERT INTO faltas VALUES("47","2","LLEGAR TARDE DE FRANCO CON M√ÅS DE 12 HORAS DE RETRASO.");
INSERT INTO faltas VALUES("48","2","UTILIZAR A LA GUARDIA EN BENEFICIO PROPIO.");
INSERT INTO faltas VALUES("49","2","PRESTARSE EQUIPO, MATERIAL Y/O PRENDAS DE UN SUBALTERNO BAJO AMENAZA.");
INSERT INTO faltas VALUES("50","2","ABANDONAR SU PUESTO DE GUARDIA SIN CAUSA JUSTIFICADA.");
INSERT INTO faltas VALUES("51","2","INGRESAR AL INSTITUTO CON ALIENTO A BEBIDA ALCOH√ìLICA.");
INSERT INTO faltas VALUES("52","2","INGRESAR Y/O SER SORPRENDIDO EN LUGARES O √ÅREAS RESTRINGIDAS SIN AUTORIZACI√ìN.");
INSERT INTO faltas VALUES("53","2","INGRESAR A LUGARES NO AUTORIZADOS CON PERSONAL FEMENINO.");
INSERT INTO faltas VALUES("54","2","IMPONER CASTIGOS CON FINES DE DIVERSI√ìN.");
INSERT INTO faltas VALUES("55","2","LEVANTAR O SUPLANTAR EL NOMBRE DE UN SUPERIOR CON FINES ILEGALES Y NO AUTORIZADOS.");
INSERT INTO faltas VALUES("56","2","NEGARSE A CUMPLIR UNA ORDEN SIN CAUSA JUSTIFICADA.");
INSERT INTO faltas VALUES("57","2","DAR PARTE FALSO DE MANERA INTENCIONAL.");
INSERT INTO faltas VALUES("58","1","REINCIDENTE EN SEGUNDA INSTANCIA EN NO ANOTARSE UN PARTE DE SANCI√ìN.");
INSERT INTO faltas VALUES("59","2","SACAR DEL INSTITUTO DOCUMENTACI√ìN CLASIFICADA SIN AUTORIZACI√ìN.");
INSERT INTO faltas VALUES("60","2","ABANDONAR LA GUARNICI√ìN SIN AUTORIZACI√ìN.");
INSERT INTO faltas VALUES("61","2","TENER EQUIPO O PRENDAS DE OTRO CADETE SIN AUTORIZACI√ìN.");
INSERT INTO faltas VALUES("62","2","MENTIR PARA ELUDIR UN CASTIGO O EN CUALQUIER CIRCUNSTANCIA.");
INSERT INTO faltas VALUES("63","2","PERDER O EXTRAVIAR EL ESPAD√çN DE DOTACI√ìN.");
INSERT INTO faltas VALUES("64","2","REALIZAR REPRESENTACIONES COLECTIVAS O EN CONJUNTO.");
INSERT INTO faltas VALUES("65","2","REMARCAR LA INICIAL, EL C√ìDIGO O MATRICULA EN PRENDAS QUE NO LE PERTENECEN.");
INSERT INTO faltas VALUES("66","2","NO DAR PARTE O NO INFORMAR OPORTUNAMENTE DE ADOLECER DE UNA ENFERMEDAD INFECTO CONTAGIOSA.");
INSERT INTO faltas VALUES("67","2","ADULTERAR CERTIFICACIONES M√âDICAS CON LA FINALIDAD DE OCULTAR EL PADECIMIENTO DE UNA DOLENCIA O ENFERMEDAD.");
INSERT INTO faltas VALUES("68","2","CONCURRIR A LUGARES NO AUTORIZADOS EN COMPAN√çA DE CADETES SUBALTERNOS.");
INSERT INTO faltas VALUES("69","2","INGERIR BEBIDAS ALCOH√ìLICAS CON CADETES SUBALTERNOS EN LUGARES PUBLICOS.");
INSERT INTO faltas VALUES("70","2","NO ANOTARSE (PASARSE) UN PARTE DE SANCI√ìN");
INSERT INTO faltas VALUES("71","15","INGRESAR O CIRCULAR EN LUGARES NO AUTORIZADOS.");
INSERT INTO faltas VALUES("72","15","REALIZAR ACTIVIDADES DE LUCRO PERSONAL DENTRO DEL INSTITUTO.");
INSERT INTO faltas VALUES("73","15","NO DAR PARTE DE UNA DENUNCIA O UNA REPRESENTACI√ìN.");
INSERT INTO faltas VALUES("74","15","TRATAR DE ENGA√ëAR A UN SUPERIOR.");
INSERT INTO faltas VALUES("75","15","FIRMAR UN EXAMEN EN BLANCO.");
INSERT INTO faltas VALUES("76","15","HABLAR O CONVERSAR DURANTE UN EXAMEN.");
INSERT INTO faltas VALUES("77","15","DEMOSTRAR FALTA DE HIDALGU√çA O DE HONESTIDAD.");
INSERT INTO faltas VALUES("78","15","LLEGAR TARDE DE FRANCO HASTA CON 8 HORAS DE RETRASO.");
INSERT INTO faltas VALUES("79","15","PROMOVER DESORDEN ESTANDO DE GUARDIA.");
INSERT INTO faltas VALUES("80","15","NO PRESENTARSE AL RELEVO DE GUARDIA.");
INSERT INTO faltas VALUES("81","15","TRATAR DE OBTENER INFLUENCIA EN BENEFICIO PROPIO O DE TERCEROS.");
INSERT INTO faltas VALUES("82","15","TRATAR DE MENTIR O DEJAR DUDAS SOBRE SU VERACIDAD.");
INSERT INTO faltas VALUES("83","15","DEMOSTRAR FALTA DE RESPETO CON UN SUPERIOR.");
INSERT INTO faltas VALUES("84","15","DEMOSTRAR TIBIEZA, DISPLICENCIA O DESGANO EN EL CUMPLIMIENTO DE UNA ORDEN.");
INSERT INTO faltas VALUES("85","15","INFLUIR O BUSCAR LA INTERVENCI√ìN DE TERCEROS PARA ANULAR O MODIFICAR SANCIONES DISCIPLINARIAS.");
INSERT INTO faltas VALUES("86","15","CONTRAER DEUDAS Y NO HONRARLAS OPORTUNAMENTE.");
INSERT INTO faltas VALUES("87","15","VESTIR ROPA CIVIL SIN AUTORIZACI√ìN.");
INSERT INTO faltas VALUES("88","15","UTILIZAR PRENDAS MILITARES PARA VESTIR DE CIVIL.");
INSERT INTO faltas VALUES("89","15","UTILIZAR O INGERIR MEDICAMENTOS SIN PRESCRIPCI√ìN M√âDICA.");
INSERT INTO faltas VALUES("90","15","DEMOSTRAR CLARA AVERSI√ìN O DISCRIMINACI√ìN HACIA UN CADETE.");
INSERT INTO faltas VALUES("91","14","EVADIRSE ARBITRARIAMENTE DE UNA ACTIVIDAD.");
INSERT INTO faltas VALUES("92","14","SIMULAR LESI√ìN O ENFERMEDAD PARA ELUDIR EL CUMPLIMIENTO DE ACTOS DEL SERVICIO O DE UNA ORDEN.");
INSERT INTO faltas VALUES("93","14","DEMOSTRAR FALTA DE LEALTAD.");
INSERT INTO faltas VALUES("94","14","FOMENTAR LA DISCORDIA ENTRE EL PERSONAL DE CADETES.");
INSERT INTO faltas VALUES("95","14","LLEGAR TARDE DE FRANCO HASTA CON 4 HORAS DE RETRASO.");
INSERT INTO faltas VALUES("96","14","TRATAR DE ELUDIR EL CUMPLIMIENTO DE UNA ORDEN.");
INSERT INTO faltas VALUES("97","14","PRESTARSE ARBITRARIAMENTE PRENDAS CIVILES O MILITARES DE UN CADETE.");
INSERT INTO faltas VALUES("98","14","PRESTARSE OBJETOS DE SUBALTERNOS O EMPLEADOS CIVILES DEL INSTITUTO Y NO DEVOLVERLOS.");
INSERT INTO faltas VALUES("99","14","NO PRESENTARSE AL INSTITUTO CUANDO SE LO ORDENA.");
INSERT INTO faltas VALUES("100","14","REPRESENTAR UNA SANCI√ìN U ORDEN SIN HABER SIDO CUMPLIDA.");
INSERT INTO faltas VALUES("101","14","RECIBIR VISITAS SIN AUTORIZACI√ìN EN SANIDAD.");
INSERT INTO faltas VALUES("102","14","BURLARSE DE UN CADETE QUE CUMPLE UNA SANCI√ìN.");
INSERT INTO faltas VALUES("103","14","MOFARSE DE UN CADETE EN PRESENCIA DE SUBALTERNOS.");
INSERT INTO faltas VALUES("104","14","SOMETER AL RID√çCULO A UN SUBALTERNO.");
INSERT INTO faltas VALUES("105","13","NEGARSE A RECIBIR ALIMENTOS O RACIONES PROVE√çDOS POR EL INSTITUTO SIN JUSTIFICACI√ìN.");
INSERT INTO faltas VALUES("106","13","PERDER PIEZAS DEL ARMAMENTO POR DESCUIDO O NEGLIGENCIA.");
INSERT INTO faltas VALUES("107","13","FOMENTAR O PROMOVER ESC√ÅNDALOS,  PELEAS DES√ìRDENES O RI√ëAS EN LUGARES PUBLICOS.");
INSERT INTO faltas VALUES("108","13","SIENDO PATR√ìN DE EMBARCACI√ìN, NO NAVEGAR DE ACUERDO A REGLAS Y REGLAMENTOS.");
INSERT INTO faltas VALUES("109","13","FAMILIARIZARSE CON PERSONAL SUPERIOR O SUBALTERNO.");
INSERT INTO faltas VALUES("110","13","LLEGAR TARDE DE FRANCO CON UN RETRASO DE HASTA 2 HORAS.");
INSERT INTO faltas VALUES("111","13","CAMBIAR LA GUARDIA O UN ACTO DEL SERVICIO SIN AUTORIZACI√ìN.");
INSERT INTO faltas VALUES("112","13","NO TOMAR PROVIDENCIAS ANTE CUALQUIER EVENTUALIDAD EN LA GUARDIA.");
INSERT INTO faltas VALUES("113","13","NO INFORMAR DE LA P√âRDIDA DE DOCUMENTOS PERSONALES.");
INSERT INTO faltas VALUES("114","13","NO PRESENTARSE A UN SUPERIOR CUANDO SE LO ORDENA.");
INSERT INTO faltas VALUES("115","13","NO PRESENTARSE AL OFICIAL DE GUARDIA AL SER EXPULSADO DE CLASE O PR√ÅCTICA.");
INSERT INTO faltas VALUES("116","13","PRESTARSE DINERO DE SUBALTERNOS.");
INSERT INTO faltas VALUES("117","13","SACAR UNA EMBARCACI√ìN SIN AUTORIZACI√ìN.");
INSERT INTO faltas VALUES("118","13","VENDER PRENDAS O EQUIPO DEL INSTITUTO.");
INSERT INTO faltas VALUES("119","12","CAMBIAR UNA ACTIVIDAD SIN AUTORIZACI√ìN.");
INSERT INTO faltas VALUES("120","12","DISPARAR ARMAMENTO POR DESCUIDO SIN CAUSAR DA√ëO.");
INSERT INTO faltas VALUES("121","12","CAMBIAR UNA ASISTENCIA SIN AUTORIZACI√ìN.");
INSERT INTO faltas VALUES("122","12","NO ASISTIR A CONSULTA MEDICA EXTERNA AUTORIZADA.");
INSERT INTO faltas VALUES("123","12","NO RECONOCER UNA FALTA.");
INSERT INTO faltas VALUES("124","12","DISIMULAR UNA FALTA.");
INSERT INTO faltas VALUES("125","12","FUMAR DE UNIFORME EN LA CALLE.");
INSERT INTO faltas VALUES("126","12","FUMAR DURANTE LA GUARDIA.");
INSERT INTO faltas VALUES("127","12","ADOPTAR POSICIONES INCORRECTAS VISTIENDO UNIFORME EN LA CALLE. ");
INSERT INTO faltas VALUES("128","12","INGRESAR A LAS REPARTICIONES POR LA VENTANA.");
INSERT INTO faltas VALUES("129","12","NO CUMPLIR DE INMEDIATO UNA ORDEN.");
INSERT INTO faltas VALUES("130","12","SACAR PRENDAS DEL INSTITUTO SIN AUTORIZACI√ìN.");
INSERT INTO faltas VALUES("131","12","FALTA DE RESPETO A FUNCIONARIOS CIVILES.");
INSERT INTO faltas VALUES("132","12","INGRESAR A UNA OFICINA PARA HACER USO DEL TEL√âFONO SIN AUTORIZACI√ìN.");
INSERT INTO faltas VALUES("133","12","IMPARTIR √ìRDENES SERVILES.");
INSERT INTO faltas VALUES("134","11","MANIPULAR CON RIESGO EL ARMAMENTO.");
INSERT INTO faltas VALUES("135","11","DEFICIENTE COMPORTAMIENTO EN LA CALLE.");
INSERT INTO faltas VALUES("136","11","PERMANECER EN HORAS PROHIBIDAS EN LA  C√ÅMARA DE CADETES O √ÅREAS DE RECREACI√ìN");
INSERT INTO faltas VALUES("137","11","FALTA DE CORTES√çA CON UN SUPERIOR.");
INSERT INTO faltas VALUES("138","11","DORMIR EN CAMAS DE SANIDAD SIN ESTAR INTERNADO.");
INSERT INTO faltas VALUES("139","11","DORMIR EN AULAS EN HORAS DE CLASE O ESTUDIO.");
INSERT INTO faltas VALUES("140","11","DAR MAL EJEMPLO A LOS CADETES SUBALTERNOS.");
INSERT INTO faltas VALUES("141","11","LLEGAR TARDE DE FRANCO HASTA CON 45 MINUTOS DE RETRASO.");
INSERT INTO faltas VALUES("142","11","FUMAR DELANTE DE UN SUPERIOR SIN PERMISO.");
INSERT INTO faltas VALUES("143","11","LEER LIBROS O REVISTAS ESTANDO DE GUARDIA.");
INSERT INTO faltas VALUES("144","11","ATRASARSE AL RELEVO DE GUARDIA.");
INSERT INTO faltas VALUES("145","11","FALTA DE RESPETO CON EL PERSONAL DE GUARDIA.");
INSERT INTO faltas VALUES("146","11","PERDER MATERIAL Y EQUIPO DEL INSTITUTO.");
INSERT INTO faltas VALUES("147","11","PRESTAR MATERIAL Y EQUIPO MILITAR.");
INSERT INTO faltas VALUES("148","11","REALIZAR REPRESENTACIONES IMPROCEDENTES.");
INSERT INTO faltas VALUES("149","10","ASISTIR A UNA ACTIVIDAD SIN AUTORIZACI√ìN.");
INSERT INTO faltas VALUES("150","10","PREPARAR ALIMENTOS EN PREDIOS DEL  INSTITUTO");
INSERT INTO faltas VALUES("151","10","DEJAR ABANDONADO EQUIPO, PIEZAS O PARTES DEL ARMAMENTO.");
INSERT INTO faltas VALUES("152","10","NO PRESTAR ATENCI√ìN AL HABLAR CON UN SUPERIOR.");
INSERT INTO faltas VALUES("153","10","TOMARSE ATRIBUCIONES QUE NO LE CORRESPONDEN.");
INSERT INTO faltas VALUES("154","10","DEMOSTRAR FALTA DE AUTORIDAD.");
INSERT INTO faltas VALUES("155","10","DEMOSTRAR FALTA DE CAMARADER√çA.");
INSERT INTO faltas VALUES("156","10","COMETER ACTOS INDECOROSOS.");
INSERT INTO faltas VALUES("157","10","DESAUTORIZAR A UN SUBALTERNO.");
INSERT INTO faltas VALUES("158","10","DORMIR EN HORAS PROHIBIDAS.");
INSERT INTO faltas VALUES("159","10","DORMIR EN HORAS PROHIBIDAS EN LOS SOLLADOS");
INSERT INTO faltas VALUES("160","10","DORMIR EN LUGARES PROHIBIDOS.");
INSERT INTO faltas VALUES("161","10","NO CUMPLIR SUS OBLIGACIONES DE ENCARGADO DE CURSO O DE PABELL√ìN.");
INSERT INTO faltas VALUES("162","10","SER EXPULSADO DE LA CLASE U OTRA ACTIVIDAD.");
INSERT INTO faltas VALUES("163","10","FALTAR A UNA ACTIVIDAD SIN CAUSA JUSTIFICADA.");
INSERT INTO faltas VALUES("164","10","UTILIZAR VOCABULARIO INADECUADO.");
INSERT INTO faltas VALUES("165","10","NO OBSERVAR LAS NORMAS SOCIALES EN LUGARES PUBLICOS.");
INSERT INTO faltas VALUES("166","10","HACER GESTOS O MOVIMIENTOS OBSCENOS DENTRO Y FUERA DEL INSTITUTO.");
INSERT INTO faltas VALUES("167","10","MOSTRAR DEBILIDAD EN EL CUMPLIMIENTO DE SUS ATRIBUCIONES DISCIPLINARIAS.");
INSERT INTO faltas VALUES("168","10","LLEGAR TARDE DE FRANCO HASTA CON UN RETRASO DE 30 MINUTOS.");
INSERT INTO faltas VALUES("169","10","DEMOSTRAR DESCUIDO EN LA GUARDIA.");
INSERT INTO faltas VALUES("170","10","ENTREGAR O RECIBIR LA GUARDIA INCORRECTAMENTE.");
INSERT INTO faltas VALUES("171","10","NO CUMPLIR CON LAS OBLIGACIONES DEL SERVICIO DE GUARDIA.");
INSERT INTO faltas VALUES("172","10","NO DAR PARTE DEL RELEVO DE GUARDIA.");
INSERT INTO faltas VALUES("173","10","INGRESAR AL INSTITUTO POR LUGARES NO AUTORIZADOS.");
INSERT INTO faltas VALUES("174","10","REALIZAR JUEGOS DE AZAR EN EL INSTITUTO.");
INSERT INTO faltas VALUES("175","10","DEMOSTRAR COMPORTAMIENTO INADECUADO EN UN EVENTO DEPORTIVO.");
INSERT INTO faltas VALUES("176","10","NO DAR PARTE DE TENER INFECCIONES DE T.S.");
INSERT INTO faltas VALUES("177","10","MOSTRAR DISGUSTO CUANDO SE DA UNA ORDEN.");
INSERT INTO faltas VALUES("178","10","IMPARTIR EN FORMA INCORRECTA UNA ORDEN.");
INSERT INTO faltas VALUES("179","10","LLENAR INCORRECTAMENTE EL PARTE DE RELEVO. ");
INSERT INTO faltas VALUES("180","10","PERDER PIEZAS DE EQUIPO SUMINISTRADO POR EL INSTITUTO.");
INSERT INTO faltas VALUES("181","10","ENVIAR SUS PRENDAS A LA LAVANDER√çA CON OTRA PERSONA.");
INSERT INTO faltas VALUES("182","10","NO PRESENTARSE A FORMACI√ìN DE GUARDIA O RECIBIRLA ESTANDO ABORDO DEL INSTITUTO.");
INSERT INTO faltas VALUES("183","10","SALIR DE SANIDAD SIN AUTORIZACI√ìN ESTANDO INTERNADO.");
INSERT INTO faltas VALUES("184","10","NO EFECTUAR EL SALUDO DE REGLAMENTO.");
INSERT INTO faltas VALUES("185","10","TRANSITAR POR √ÅREAS RESTRINGIDAS DESPU√âS DEL TOQUE DE SILENCIO.");
INSERT INTO faltas VALUES("186","10","PARTICIPAR EN COMPETENCIAS DEPORTIVAS SIN AUTORIZACI√ìN.");
INSERT INTO faltas VALUES("187","9","FALTAR A UNA ACTIVIDAD SIN JUSTIFICATIVO.");
INSERT INTO faltas VALUES("188","9","TENER ALIMENTOS EN EL INSTITUTO.");
INSERT INTO faltas VALUES("189","9","RECOSTARSE EN LA CATRERA EN HORAS PROHIBIDAS.");
INSERT INTO faltas VALUES("190","9","PROMOVER DESORDEN EN CLASE, SOLLADO, LAVANDER√çA U OTROS LOCALES.");
INSERT INTO faltas VALUES("191","9","DISCUTIR EN PRESENCIA DE SUBALTERNOS.");
INSERT INTO faltas VALUES("192","9","TENER EQUIPO ELECTR√ìNICO SIN AUTORIZACI√ìN.");
INSERT INTO faltas VALUES("193","9","PROMOVER ESC√ÅNDALO EN HORAS DE SUE√ëO.");
INSERT INTO faltas VALUES("194","9","FALTA DE CONTROL CON SU UNIDAD, SOLLADO, ETC");
INSERT INTO faltas VALUES("195","9","TRATAR CON FAMILIARIDAD A UN SUBALTERNO.");
INSERT INTO faltas VALUES("196","9","FALTAR A FORMACI√ìN SIN AUTORIZACI√ìN.");
INSERT INTO faltas VALUES("197","9","LLEGAR TARDE DE FRANCO HASTA CON 20 MINUTOS DE RETRASO.");
INSERT INTO faltas VALUES("198","9","FUMAR EN LUGARES NO AUTORIZADOS DENTRO DEL INSTITUTO.");
INSERT INTO faltas VALUES("199","9","LLENAR INCORRECTAMENTE O COMETER ERRORES EN EL LIBRO DE NOVEDADES. ");
INSERT INTO faltas VALUES("200","9","RE√çR O HACER GESTOS EXTRA√ëOS EN MISA.");
INSERT INTO faltas VALUES("201","9","JUGAR DE MANOS CON EL SUBALTERNO.");
INSERT INTO faltas VALUES("202","9","LLENAR INCORRECTAMENTE EL PARTE DE SANCI√ìN");
INSERT INTO faltas VALUES("203","9","PONER APODOS DENIGRATORIOS A UN SUBALTERNO.");
INSERT INTO faltas VALUES("204","9","TENER EN SU PODER PRENDAS NO AUTORIZADAS");
INSERT INTO faltas VALUES("205","9","TENER PRENDAS MAL MARCADAS.");
INSERT INTO faltas VALUES("206","9","NO PRESENTARSE AL ENTRAR O SALIR DEL INSTITUTO.");
INSERT INTO faltas VALUES("207","9","REALIZAR REPRESENTACIONES O RECLAMOS EN FORMA INCORRECTA. ");
INSERT INTO faltas VALUES("208","9","SALIR O ENTRAR A UNA FORMACI√ìN SIN AUTORIZACI√ìN.");
INSERT INTO faltas VALUES("209","9","NO CONTESTAR EL SALUDO.");
INSERT INTO faltas VALUES("210","9","HACER MAL USO DE LOS SERVICIOS HIGI√âNICOS.");
INSERT INTO faltas VALUES("211","9","NO TENER UNIFORME PARA CUMPLIR UNA COMISI√ìN DEL SERVICIO.");
INSERT INTO faltas VALUES("212","9","RECIBIR VISITAS SIN AUTORIZACI√ìN.");
INSERT INTO faltas VALUES("213","9","TENER TEL√âFONOS CELULARES SIN AUTORIZACI√ìN.");
INSERT INTO faltas VALUES("214","9","PRESTARSE PRENDAS MILITARES SIN AUTORIZACI√ìN DEL PA√ëOL DE C-II");
INSERT INTO faltas VALUES("215","9","NO DEVOLVER OPORTUNAMENTE PRENDAS PRESTADAS DEL PA√ëOL DE C-II U OTROS LOCALES.");
INSERT INTO faltas VALUES("216","8","LLEGAR TARDE A UNA ACTIVIDAD.");
INSERT INTO faltas VALUES("217","8","DEJAR CAER EL ARMAMENTO POR DESCUIDO.");
INSERT INTO faltas VALUES("218","8","NO PRESTAR ATENCI√ìN EN CLASE O INSTRUCCI√ìN.");
INSERT INTO faltas VALUES("219","8","COMUNICARSE CON EL EXTERIOR DEL INSTITUTO POR UN MEDIO NO PERMITIDO.");
INSERT INTO faltas VALUES("220","8","NO CONDUCIR CORRECTAMENTE.");
INSERT INTO faltas VALUES("221","8","DESCONOCER EL REGLAMENTO INTERNO DEL INSTITUTO.");
INSERT INTO faltas VALUES("222","8","NO CUMPLIR CON EL TRATAMIENTO M√âDICO.");
INSERT INTO faltas VALUES("223","8","DA√ëAR MATERIAL POR NEGLIGENCIA.");
INSERT INTO faltas VALUES("224","8","DA√ëAR, RAYAR, O ENSUCIAR LAS PAREDES.");
INSERT INTO faltas VALUES("225","8","DEJAR ABANDONADOS LOS IMPLEMENTOS DEPORTIVOS, ACAD√âMICOS O DE ENSE√ëANZA.");
INSERT INTO faltas VALUES("226","8","NO LEVANTARSE AL TOQUE DE DIANA.");
INSERT INTO faltas VALUES("227","8","DORMIR EN CATRERA QUE NO LE PERTENECE.");
INSERT INTO faltas VALUES("228","8","ELUDIR EL CONDUCTO REGULAR.");
INSERT INTO faltas VALUES("229","8","PERDER TIEMPO EN HORAS DE ESTUDIO.");
INSERT INTO faltas VALUES("230","8","HACER PERDER TIEMPO EN HORAS DE ESTUDIO.");
INSERT INTO faltas VALUES("231","8","NO PONERSE DE PIE AL HABLAR CON UN PROFESOR O UN SUPERIOR.");
INSERT INTO faltas VALUES("232","8","NO PARARSE FIRME AL HABLAR CON UN SUPERIOR.");
INSERT INTO faltas VALUES("233","8","NO PONERSE DE PIE AL ENTRAR O SALIR UN PROFESOR DEL AULA");
INSERT INTO faltas VALUES("234","8","EFECTUAR INCORRECTAMENTE LOS TOQUES DE PITO, TIMBRE, CAMPANA, ETC.");
INSERT INTO faltas VALUES("235","8","RETIRARSE INCORRECTAMENTE DE LA PRESENCIA DE UN SUPERIOR.");
INSERT INTO faltas VALUES("236","8","PRESENTARSE INCORRECTAMENTE A UN SUPERIOR");
INSERT INTO faltas VALUES("237","8","NO ACLARAR LAS DRIZAS PARA EL IZADO O ARRIADO DEL PABELL√ìN NACIONAL.");
INSERT INTO faltas VALUES("238","8","LLEGAR TARDE DE FRANCO HASTA CON 10 MINUTOS DE RETRASO.");
INSERT INTO faltas VALUES("239","8","INGRESAR AL PA√ëOL U OTROS LOCALES SIN AUTORIZACI√ìN.");
INSERT INTO faltas VALUES("240","8","NO ESTAR LISTO PARA UNA INSPECCI√ìN.");
INSERT INTO faltas VALUES("241","8","MOLESTAR A COMPA√ëEROS DURANTE EL ESTUDIO.");
INSERT INTO faltas VALUES("242","8","MOLESTAR EN MISA, VISITAS U OTROS ACTOS PROTOCOLARES.");
INSERT INTO faltas VALUES("243","8","PRACTICAR CON NEGLIGENCIA EJERCICIOS O DEPORTES.");
INSERT INTO faltas VALUES("244","8","DEMOSTRAR NEGLIGENCIA EN EL CUMPLIMIENTO DE UNA ORDEN.");
INSERT INTO faltas VALUES("245","8","MOSTRAR DISPLICENCIA O NEGLIGENCIA PARA PRESENTARSE AL LLAMADO DE UN SUPERIOR.");
INSERT INTO faltas VALUES("246","8","DAR PARTE FALSO POR DESCONOCIMIENTO.");
INSERT INTO faltas VALUES("247","8","PERMANECER EN √ÅREAS RESTRINGIDAS DENTRO DEL INSTITUTO SIN AUTORIZACI√ìN.");
INSERT INTO faltas VALUES("248","8","NO PEDIR PERMISO AL INGRESAR O SALIR DE UN LOCAL, √ÅREA O AMBIENTE DEL INSTITUTO.");
INSERT INTO faltas VALUES("249","8","PRESTAR MATERIAL O UTILES DE ENSE√ëANZA DURANTE UN EXAMEN.");
INSERT INTO faltas VALUES("250","8","RECIBIR O HACER LLAMADAS TELEF√ìNICAS SIN AUTORIZACI√ìN.");
INSERT INTO faltas VALUES("251","8","RETIRARSE DE UNA ACTIVIDAD SIN AUTORIZACI√ìN");
INSERT INTO faltas VALUES("252","8","SACAR EQUIPO, MUEBLES O UTILES DE AULAS O LOCALES SIN AUTORIZACI√ìN.");
INSERT INTO faltas VALUES("253","8","SACAR LIBROS, TEXTOS O REVISTAS DE LA BIBLIOTECA SIN AUTORIZACI√ìN.");
INSERT INTO faltas VALUES("254","8","TENER LIBROS O REVISTAS NO PERMITIDOS.");
INSERT INTO faltas VALUES("255","8","UTILIZAR EN FORMA INCORRECTA EL EQUIPO DE COMUNICACI√ìN.");
INSERT INTO faltas VALUES("256","8","ESCUCHAR MUSICA ESTANDO DE GUARDIA.");
INSERT INTO faltas VALUES("257","8","DAR MAL USO A LOS EQUIPOS INFORM√ÅTICOS.");
INSERT INTO faltas VALUES("258","8","NO DAR PARTE DE HABER CUMPLIDO O NO, UNA ORDEN O DISPOSICI√ìN.");
INSERT INTO faltas VALUES("259","8","NO CUMPLIR LAS NORMAS DE SEGURIDAD EMBARCADO O EN INSTRUCCI√ìN MARINERA.");
INSERT INTO faltas VALUES("260","7","ACOSTARSE ESTANDO UNIFORMADO.");
INSERT INTO faltas VALUES("261","7","TOMAR ALIMENTOS DE OTRA MESA SIN AUTORIZACI√ìN.");
INSERT INTO faltas VALUES("262","7","INTRODUCIR ALIMENTOS Y/O COMESTIBLES AL INSTITUTO SIN AUTORIZACI√ìN.");
INSERT INTO faltas VALUES("263","7","NO ORDENAR ATENCI√ìN AL INGRESO DE UN SUPERIOR A UN LOCAL O AMBIENTE.");
INSERT INTO faltas VALUES("264","7","NO ORDENAR ATENCI√ìN A LA SALIDA DE UN SUPERIOR DE A UN LOCAL O AMBIENTE.");
INSERT INTO faltas VALUES("265","7","NO USAR BATA DE BA√ëO EN CUANDO CORRESPONDE.");
INSERT INTO faltas VALUES("266","7","DEMOSTRAR FALTA DE CORTES√çA CON EL CAMARADA.");
INSERT INTO faltas VALUES("267","7","DEMOSTRAR FALTA DE CORTES√çA AL HABLAR POR TEL√âFONO ESTANDO DE SERVICIO.");
INSERT INTO faltas VALUES("268","7","DEMOSTRAR DESCUIDO EN EL USO DE ELECTRICIDAD O DESPERDICIAR EL AGUA.");
INSERT INTO faltas VALUES("269","7","DEMOSTRAR FALTA DE RESPETO AL DISCUTIR EN PRESENCIA DE SUPERIORES. ");
INSERT INTO faltas VALUES("270","7","DORMIR SIN PIJAMA O EL VESTUARIO QUE CORRESPONDE.");
INSERT INTO faltas VALUES("271","7","NO ACUDIR A SANIDAD ENCONTR√ÅNDOSE ENFERMO.");
INSERT INTO faltas VALUES("272","7","NO TENER EL EQUIPO PERSONAL DE INSTRUCCI√ìN DE ESTUDIO O DE ASEO COMPLETO.");
INSERT INTO faltas VALUES("273","7","DEMOSTRAR FALTA DE HIGIENE AL ESCUPIR EN EL PISO DE SALONES, DORMITORIOS, BA√ëOS, ETC.");
INSERT INTO faltas VALUES("274","7","COMPORTARSE INCORRECTAMENTE EN ACTIVIDADES DE REVISTA O INSPECCI√ìN.");
INSERT INTO faltas VALUES("275","7","BA√ëARSE O INGRESAR A LA PISCINA SIN AUTORIZACI√ìN.");
INSERT INTO faltas VALUES("276","7","DEMOSTRAR FALTA DE INTER√âS EN INSTRUCCI√ìN AL MARCHAR SIN MARCIALIDAD.");
INSERT INTO faltas VALUES("277","7","ADOPTAR POSICIONES INCORRECTAS AL RECOSTARSE EN LAS PAREDES U OTROS SITIOS.");
INSERT INTO faltas VALUES("278","7","CIRCULAR CON LAS MANOS EN LOS BOLSILLOS.");
INSERT INTO faltas VALUES("279","7","ASISTIR O PERMANECER MAL UNIFORMADO EN LA GUARDIA.");
INSERT INTO faltas VALUES("280","7","PRESENTAR INFORMES MAL REDACTADOS.");
INSERT INTO faltas VALUES("281","7","JUGAR CON LOS ALIMENTOS O COMESTIBLES.");
INSERT INTO faltas VALUES("282","7","NO LIMPIAR EL ARMAMENTO CORRECTAMENTE.");
INSERT INTO faltas VALUES("283","7","CARGAR O PORTAR PAQUETES VOLUMINOSOS EN LA CALLE ESTANDO DE UNIFORME.");
INSERT INTO faltas VALUES("284","7","NO TENER MARCADAS SUS PRENDAS MILITARES, PERSONALES, EQUIPO Y OTROS.");
INSERT INTO faltas VALUES("285","7","NO DAR PARTE DE UNA ACTIVIDAD AL PASO DE UN SUPERIOR.");
INSERT INTO faltas VALUES("286","7","NO PRESENTAR SUS PRENDAS MILITARES COMPLETAS DURANTE UNA INSPECCI√ìN.");
INSERT INTO faltas VALUES("287","7","RECIBIR O ENTREGAR DEPENDENCIAS SUCIAS DURANTE EL RELEVO DE GUARDIA O DE SERVICIO.");
INSERT INTO faltas VALUES("288","7","NO USAR ROPA INTERIOR DEMOSTRANDO FALTA DE HIGIENE.");
INSERT INTO faltas VALUES("289","7","PERMANECER CON VISITAS DESPU√âS DEL TOQUE DE RETIRADA.");
INSERT INTO faltas VALUES("290","7","INGERIR ALIMENTOS EN LUGARES NO AUTORIZADOS DURANTE LAS VISITAS.");
INSERT INTO faltas VALUES("291","6","INGERIR ALIMENTOS NO CONTEMPLADOS EN EL MENU SIN AUTORIZACI√ìN.");
INSERT INTO faltas VALUES("292","6","DEMOSTRAR FALTA DE ASEO O ALI√ëO PERSONAL.");
INSERT INTO faltas VALUES("293","6","SENTARSE EN LA CATRERA EN HORAS PROHIBIDAS");
INSERT INTO faltas VALUES("294","6","NO DAR EL COMPRENDIDO.");
INSERT INTO faltas VALUES("295","6","CONSUMIR ALIMENTOS EN LUGARES NO AUTORIZADOS.");
INSERT INTO faltas VALUES("296","6","CONSUMIR MEDICAMENTOS NO AUTORIZADOS POR PERSONAL M√âDICO DEL INSTITUTO.");
INSERT INTO faltas VALUES("297","6","TENER MEDICAMENTOS NO AUTORIZADOS POR PERSONAL M√âDICO DEL INSTITUTO.");
INSERT INTO faltas VALUES("298","6","DEJAR UTILES DE LIMPIEZA O ENSERES PERSONALES OLVIDADOS EN LAS DEPENDENCIAS");
INSERT INTO faltas VALUES("299","6","DEJAR PUERTAS/VENTANAS DE LOCALES ABIERTAS ");
INSERT INTO faltas VALUES("300","6","DESCONOCER EL CONTENIDO DE LA ORDEN DEL D√çA DE DIRECCI√ìN, CUERPO O COMPA√ë√çA.");
INSERT INTO faltas VALUES("301","6","CORTAR FILAS ARBITRARIAMENTE.");
INSERT INTO faltas VALUES("302","6","NO CUADRARSE CUANDO SE MANDA ATENCI√ìN.");
INSERT INTO faltas VALUES("303","6","NO ADOPTAR LA POSICI√ìN DE FIRME CUANDO SE DA PARTE.");
INSERT INTO faltas VALUES("304","6","NO ADOPTAR CORRECTAMENTE LA POSICI√ìN MILITAR EN FORMACI√ìN.");
INSERT INTO faltas VALUES("305","6","ENSUCIAR PISOS, LOCALES, AULAS, ETC.");
INSERT INTO faltas VALUES("306","6","ESTAR DESASEADO A LA HORA DE LA REVISTA.");
INSERT INTO faltas VALUES("307","6","HABLAR O RE√çRSE EN FORMACI√ìN.");
INSERT INTO faltas VALUES("308","6","PRESENTARSE A FORMACI√ìN  DE LA GUARDIA SIN EL UNIFORME PRESCRITO.");
INSERT INTO faltas VALUES("309","6","ESTAR MAL PRESENTADO PARA UNA INSPECCI√ìN.");
INSERT INTO faltas VALUES("310","6","NO LIMPIAR EL CURSO O √ÅREAS DE SU RESPONSABILIDAD.");
INSERT INTO faltas VALUES("311","6","DEMOSTRAR DESGANO EN INSTRUCCI√ìN.");
INSERT INTO faltas VALUES("312","6","NO ESTAR EN EL LUGAR ASIGNADO EN FORMACI√ìN, CURSO, LOCAL, ETC.");
INSERT INTO faltas VALUES("313","6","NO CUMPLIR EL ROL DE GUARDIA, LAVANDER√çA, SASTRER√ìA, PELUQUER√çA, ETC.");
INSERT INTO faltas VALUES("314","6","CONTINUAR LEVANTADO DESPU√âS DEL TOQUE DE SILENCIO.");
INSERT INTO faltas VALUES("315","6","NO GUARDAR SILENCIO Y LA POSTURA MILITAR AL TOQUE CORRESPONDIENTE.");
INSERT INTO faltas VALUES("316","6","UTILIZAR PIEZAS DE EQUIPO SIN AUTORIZACI√ìN.");
INSERT INTO faltas VALUES("317","6","INGRESAR A SALA DE INTERNACI√ìN O REPOSO SIN AUTORIZACI√ìN.");
INSERT INTO faltas VALUES("318","6","NO UTILIZAR EL VESTUARIO QUE CORRESPONDE ESTANDO EN REPOSO O INTERNADO EN SANIDAD ");
INSERT INTO faltas VALUES("319","5","NO PEGAR LAS MANOS AL HABLAR CON UN SUPERIOR O ESTANDO EN FORMACI√ìN.");
INSERT INTO faltas VALUES("320","5","NO AFEITARSE.");
INSERT INTO faltas VALUES("321","5","TENER EL PELO LARGO O FUERA DE REGLAMENTO.");
INSERT INTO faltas VALUES("322","5","NO COLOCAR EL ARMAMENTO EN EL LUGAR QUE CORRESPONDE.");
INSERT INTO faltas VALUES("323","5","NO TENDER CORRECTAMENTE SU CATRERA.");
INSERT INTO faltas VALUES("324","5","NO DESTENDER SU CATRERA");
INSERT INTO faltas VALUES("325","5","DAR EN FORMA INCORRECTA EL COMPRENDIDO.");
INSERT INTO faltas VALUES("326","5","NO LLEVAR EL CORTE  DE PELO REGLAMENTARIO. ");
INSERT INTO faltas VALUES("327","5","TENER DESARRANCHADO EL EQUIPO DEPORTIVO.");
INSERT INTO faltas VALUES("328","5","DEJAR LAS LUCES DE √ÅREAS, CURSOS O AMBIENTES ENCENDIDAS.");
INSERT INTO faltas VALUES("329","5","DEMOSTRAR FALTA DE INTER√âS EN CLASES.");
INSERT INTO faltas VALUES("330","5","DEMOSTRAR FALTA DE URBANIDAD.");
INSERT INTO faltas VALUES("331","5","NO COMER CORRECTAMENTE.");
INSERT INTO faltas VALUES("332","5","SENTARSE EN EL COMEDOR INCORRECTAMENTE.");
INSERT INTO faltas VALUES("333","5","LEER DURANTE LAS COMIDAS.");
INSERT INTO faltas VALUES("334","5","DEMOSTRAR FALTA DE HIGIENE.");
INSERT INTO faltas VALUES("335","5","TENER LA CATRERA SUCIA.");
INSERT INTO faltas VALUES("336","5","LEVANTARSE DE LA MESA DEL COMEDOR SIN AUTORIZACI√ìN.");
INSERT INTO faltas VALUES("337","5","ESTAR MAL UNIFORMADO.");
INSERT INTO faltas VALUES("338","5","NO PORTAR EL ESPAD√çN CORRECTAMENTE.");
INSERT INTO faltas VALUES("339","5","LLEVAR INCORRECTAMENTE EL EQUIPO MILITAR");
INSERT INTO faltas VALUES("340","5","DEMOSTRAR NEGLIGENCIA EN EL CUMPLIMIENTO DE SUS DEBERES U OBLIGACIONES. ");
INSERT INTO faltas VALUES("341","5","SER DESCUIDADO CON SUS PRENDAS.");
INSERT INTO faltas VALUES("342","5","LEVANTARSE CON DISPLICENCIA O NEGLIGENCIA AL TOQUE DE DIANA.");
INSERT INTO faltas VALUES("343","5","PORTAR PAQUETES O BOLSAS PL√ÅSTICAS ESTANDO DE UNIFORME.");
INSERT INTO faltas VALUES("344","5","RECIBIR ENCOMIENDAS SIN EL TR√ÅMITE CORRESPONDIENTE.");
INSERT INTO faltas VALUES("345","5","EFECTUAR EL SALUDO INCORRECTAMENTE.");
INSERT INTO faltas VALUES("346","5","TENER EL UNIFORME SUCIO.");
INSERT INTO faltas VALUES("347","5","TENER  EQUIPO MILITAR SUCIO.");
INSERT INTO faltas VALUES("348","5","TENER EL ESPAD√çN SUCIO O MAL LUSTRADO.");
INSERT INTO faltas VALUES("349","5","TENER REVISTAS, LIBROS, PERI√ìDICOS NO AUTORIZADOS EN EL PUPITRE.");
INSERT INTO faltas VALUES("350","5","UTILIZAR SIN PERMISO EQUIPO O MATERIAL DESTINADO A LA ENSE√ëANZA.");
INSERT INTO faltas VALUES("351","4","NO CIRCULAR AL TROTE POR EL PATIO DE HONOR.");
INSERT INTO faltas VALUES("352","4","TENER OBJETOS NO AUTORIZADOS EN EL CASILLERO.");
INSERT INTO faltas VALUES("353","4","TENER DESARRANCHADO LOS UTILES DE ENSE√ëANZA EN EL CURSO.");
INSERT INTO faltas VALUES("354","4","DESORDENAR MATERIAL U OBJETOS DEL INSTITUTO.");
INSERT INTO faltas VALUES("355","4","DEJAR LA LLAVE EN EL CASILLERO.");
INSERT INTO faltas VALUES("356","4","NO ECHAR LLAVE A SU CASILLERO.");
INSERT INTO faltas VALUES("357","4","NO DEJAR LISTA DE ROPA EN LAVANDER√çA.");
INSERT INTO faltas VALUES("358","4","FALTA DE UTILES DE ENSE√ëANZA EN EL CURSO.");
INSERT INTO faltas VALUES("359","4","DEJAR ABANDONADO MATERIAL DE ESCRITORIO EN LOS PUPITRES.");
INSERT INTO faltas VALUES("360","4","FALTA DE ELEMENTOS DE ASEO PERSONAL.");
INSERT INTO faltas VALUES("361","4","FALTA DE FORMACI√ìN MILITAR.");
INSERT INTO faltas VALUES("362","4","EJECUTAR EN FORMA INCORRECTA EJERCICIOS MILITARES.");
INSERT INTO faltas VALUES("363","4","FALTA DE PORTE MILITAR.");
INSERT INTO faltas VALUES("364","4","INGRESAR A UN CURSO SIN MOTIVO JUSTIFICADO.");
INSERT INTO faltas VALUES("365","4","NO PRESENTAR UTILES PERSONALES COMPLETOS DURANTE UNA INSPECCI√ìN.");
INSERT INTO faltas VALUES("366","3","ATRASARSE A FORMACI√ìN.");
INSERT INTO faltas VALUES("367","3","TENER DESARRANCHADO EL PUPITRE, CASILLERO, LITERA, TOALLA, ETC.");
INSERT INTO faltas VALUES("368","3","JUGAR DE MANOS CON UN CAMARADA.");
INSERT INTO faltas VALUES("369","3","NO UTILIZAR EL MARBETE.");
INSERT INTO faltas VALUES("370","3","NO UTILIZAR GRADOS EN EL UNIFORME.");
INSERT INTO faltas VALUES("371","3","CIRCULAR SIN GORRA O CALATRAVA POR √ÅREAS ABIERTAS.");
INSERT INTO faltas VALUES("372","3","MOLESTAR A UN CAMARADA.");
INSERT INTO faltas VALUES("373","3","OLVIDAR EL NUMERO DE MATR√çCULA U OTRA  INFORMACI√ìN NECESARIA.");
INSERT INTO faltas VALUES("374","3","SENTARSE EN EL COMEDOR SIN ORDEN PREVIA.");
INSERT INTO faltas VALUES("375","3","TENER SUCIO O MAL LUSTRADOS LOS ZAPATOS.");



DROP TABLE faltascometidas;

CREATE TABLE `faltascometidas` (
  `idFaltaCometida` bigint(15) NOT NULL AUTO_INCREMENT,
  `idGestion` int(5) DEFAULT NULL,
  `idRegistro` int(11) DEFAULT NULL,
  `fechaFalta` date DEFAULT NULL,
  `idFalta` int(11) DEFAULT NULL,
  `sancionante` varchar(60) DEFAULT NULL,
  `numeroParte` int(11) DEFAULT NULL,
  `reincidencia` int(2) DEFAULT NULL,
  `partesDemerito` int(3) DEFAULT NULL,
  `tss` int(3) DEFAULT NULL,
  `tte` int(5) DEFAULT NULL,
  `tssc` int(5) DEFAULT NULL,
  `ttec` int(5) DEFAULT NULL,
  `asli` int(5) DEFAULT NULL,
  `ased` int(5) DEFAULT NULL,
  `ascs` int(5) DEFAULT NULL,
  `assd` int(5) DEFAULT NULL,
  `pvac` varchar(5) DEFAULT NULL,
  `idUsuario` int(11) DEFAULT NULL,
  `eliminado` tinyint(1) DEFAULT '0',
  `consejoDisciplinario` tinyint(1) DEFAULT '0',
  PRIMARY KEY (`idFaltaCometida`)
) ENGINE=MyISAM AUTO_INCREMENT=67 DEFAULT CHARSET=latin1;

INSERT INTO faltascometidas VALUES("1","1","174","2010-02-17","171","CGON. Ferrufino B. Marco ","10755","0","9","2","0","2","0","0","0","0","0","","","1","0");
INSERT INTO faltascometidas VALUES("2","1","174","2010-03-13","171","TF. Rodriguez P. Pavel","12200","1","11","3","0","3","0","0","0","0","0","","","1","0");
INSERT INTO faltascometidas VALUES("3","1","174","2010-03-13","170","TF. Rodriguez P. Pavel","5895","0","9","2","0","2","0","0","0","0","0","","","1","0");
INSERT INTO faltascometidas VALUES("13","1","224","2010-06-04","313","TF. Rodriguez P. Pavel","15631","0","3","0","4","0","2","0","0","0","0","","","0","0");
INSERT INTO faltascometidas VALUES("14","1","224","2010-08-14","179","TF. Rodriguez P. Pavel","5657","0","9","2","0","2","0","0","0","0","0","","","0","0");
INSERT INTO faltascometidas VALUES("15","1","174","2010-06-09","164","yo","23424","0","9","2","0","2","0","0","0","0","0","","","1","0");
INSERT INTO faltascometidas VALUES("20","1","225","2009-07-23","366","TF. Rodriguez P. Pavel","4569","0","1","0","1","0","0","0","0","0","0","","","0","0");
INSERT INTO faltascometidas VALUES("21","1","225","2009-07-01","141","TF. Rodriguez P. Pavel","454353","0","11","3","0","0","0","3","2","0","0","1 1/2","","0","0");
INSERT INTO faltascometidas VALUES("32","1","175","2010-07-14","329","","0","0","2","0","3","0","0","0","0","0","0","","","0","0");
INSERT INTO faltascometidas VALUES("33","1","175","2010-07-09","170","","0","0","9","2","0","0","0","0","0","0","0","","","0","0");
INSERT INTO faltascometidas VALUES("34","1","175","2010-07-31","166","","0","0","9","2","0","0","0","0","0","0","0","","","0","0");
INSERT INTO faltascometidas VALUES("35","1","55","2010-07-01","152","TF. Rodriguez P. Pavel","4556","0","9","2","0","0","0","0","0","0","0","","","0","0");
INSERT INTO faltascometidas VALUES("36","1","56","2010-07-01","107","TF. Rodriguez P. Pavel","24352","0","15","6","0","0","0","0","0","0","0","","","0","0");
INSERT INTO faltascometidas VALUES("37","1","270","2010-07-01","92","sadsa","3464353","0","19","8","0","0","0","0","0","0","0","","","0","0");
INSERT INTO faltascometidas VALUES("38","1","7","2010-07-01","132","mi","3453","0","13","4","0","0","0","0","0","0","0","","","0","0");
INSERT INTO faltascometidas VALUES("39","1","180","2010-07-03","183","c/5 aguilar","45654","0","9","2","0","0","0","0","0","0","0","","","0","0");
INSERT INTO faltascometidas VALUES("40","1","62","2010-07-03","135","222223424","54646","0","11","3","0","0","0","0","0","0","0","","","0","0");
INSERT INTO faltascometidas VALUES("41","1","42","2010-07-03","95","ssdfdsfsdf","545345","0","19","8","0","0","0","0","0","0","0","","","0","0");
INSERT INTO faltascometidas VALUES("42","1","196","2010-07-04","190","ssdfdsf","5435","0","7","1","0","0","0","0","0","0","0","","","0","0");
INSERT INTO faltascometidas VALUES("43","1","242","2010-07-04","110","ASDHJKL","64535","0","15","6","0","0","0","0","0","0","0","","","0","0");
INSERT INTO faltascometidas VALUES("44","1","104","0000-00-00","360","yo","12314","0","1","0","2","0","0","0","0","0","0","","","0","0");
INSERT INTO faltascometidas VALUES("45","1","174","2010-08-08","164","cte. juan","346546","1","11","3","0","0","0","0","0","0","0","","","1","0");
INSERT INTO faltascometidas VALUES("46","1","57","2010-08-21","168","sadsa","4324","0","9","2","0","0","0","0","0","0","0","","","0","0");
INSERT INTO faltascometidas VALUES("47","1","60","2010-08-21","127","wqw","23542","0","13","4","0","0","0","0","0","0","0","","","0","0");
INSERT INTO faltascometidas VALUES("48","1","174","0000-00-00","0","","0","0","0","0","0","0","0","0","0","0","0","","","0","0");
INSERT INTO faltascometidas VALUES("49","1","174","0000-00-00","0","","0","0","0","0","0","0","0","0","0","0","0","","","0","0");
INSERT INTO faltascometidas VALUES("50","1","174","0000-00-00","0","","0","0","0","0","0","0","0","0","0","0","0","","","0","0");
INSERT INTO faltascometidas VALUES("51","1","174","0000-00-00","0","","0","0","0","0","0","0","0","0","0","0","0","","","0","0");
INSERT INTO faltascometidas VALUES("52","1","174","0000-00-00","0","","0","0","0","0","0","0","0","0","0","0","0","","","0","0");
INSERT INTO faltascometidas VALUES("53","1","174","0000-00-00","0","","0","0","0","0","0","0","0","0","0","0","0","","","0","0");
INSERT INTO faltascometidas VALUES("54","1","174","0000-00-00","131","","0","0","0","0","0","0","0","0","0","0","0","","","1","0");
INSERT INTO faltascometidas VALUES("55","1","174","0000-00-00","143","","0","0","0","0","0","0","0","0","0","0","0","","","1","0");
INSERT INTO faltascometidas VALUES("56","1","174","0000-00-00","0","","0","0","0","0","0","0","0","0","0","0","0","","","0","0");
INSERT INTO faltascometidas VALUES("57","1","174","0000-00-00","159","","0","0","0","0","0","0","0","0","0","0","0","","","1","0");
INSERT INTO faltascometidas VALUES("58","1","174","2010-08-07","329","yo","45646","0","2","0","3","0","0","0","0","0","0","","","0","0");
INSERT INTO faltascometidas VALUES("59","1","174","2010-03-10","197","","0","0","7","1","0","0","0","0","0","0","0","","","0","0");
INSERT INTO faltascometidas VALUES("60","1","174","2010-08-22","244","","0","0","5","0","6","0","0","0","0","0","0","","","0","0");
INSERT INTO faltascometidas VALUES("61","1","174","2010-08-13","263","","443535","0","4","0","5","0","0","0","0","0","0","","","0","0");
INSERT INTO faltascometidas VALUES("62","1","174","2010-08-11","257","","3453","0","5","0","6","0","6","0","0","0","0","","","0","0");
INSERT INTO faltascometidas VALUES("63","1","174","2010-08-22","139","","443535","0","11","3","0","0","0","0","0","0","0","","","0","0");
INSERT INTO faltascometidas VALUES("64","1","174","2010-08-12","0","23432432","2424","0","0","0","0","0","0","0","0","0","0","","","0","0");
INSERT INTO faltascometidas VALUES("65","1","174","2010-08-18","356","mi","2342","0","1","0","2","0","0","0","0","0","0","","","1","0");
INSERT INTO faltascometidas VALUES("66","1","225","2010-08-28","357","asmdosajdo","164654","1","2","0","3","0","0","0","0","0","0","","","0","0");



DROP TABLE gestion;

CREATE TABLE `gestion` (
  `idGestion` int(11) NOT NULL AUTO_INCREMENT,
  `gestion` int(4) DEFAULT NULL,
  `semestre` int(2) DEFAULT NULL,
  `jefeDivision` varchar(50) DEFAULT NULL,
  `jefeCuerpo` varchar(50) DEFAULT NULL,
  PRIMARY KEY (`idGestion`)
) ENGINE=MyISAM AUTO_INCREMENT=4 DEFAULT CHARSET=latin1;

INSERT INTO gestion VALUES("1","2010","1","TF. CGON. JHON BONILLA ALVAREZ","CF. DEMN. JAVIER TORRICO VEGA");
INSERT INTO gestion VALUES("2","2010","2","TF BOLI","CF. JUAN");
INSERT INTO gestion VALUES("3","2011","1","TF. CGON. JHON BONILLA ALVAREZ","CF. DEMN. JAVIER TORRICO VEGA");



DROP TABLE gestionactual;

CREATE TABLE `gestionactual` (
  `idGestionActual` int(11) NOT NULL AUTO_INCREMENT,
  `idGestion` int(11) NOT NULL DEFAULT '0',
  PRIMARY KEY (`idGestionActual`,`idGestion`)
) ENGINE=MyISAM AUTO_INCREMENT=2 DEFAULT CHARSET=latin1;

INSERT INTO gestionactual VALUES("1","1");



DROP TABLE puntosarrestos;

CREATE TABLE `puntosarrestos` (
  `num` int(11) DEFAULT NULL,
  `puntosDemerito` int(11) DEFAULT NULL,
  `tte` int(11) DEFAULT NULL,
  `tss` int(11) DEFAULT NULL,
  `aSimpleLI` int(11) DEFAULT NULL,
  `aSimpleED` int(11) DEFAULT NULL,
  `aSeveroCS` int(11) DEFAULT NULL,
  `aSeveroSD` int(11) DEFAULT NULL,
  `perdidaVacacion` varchar(255) DEFAULT NULL
) ENGINE=MyISAM DEFAULT CHARSET=latin1;

INSERT INTO puntosarrestos VALUES("1","1","1","0","0","0","0","0","");
INSERT INTO puntosarrestos VALUES("2","2","3","0","0","0","0","0","");
INSERT INTO puntosarrestos VALUES("3","3","4","0","0","0","0","0","");
INSERT INTO puntosarrestos VALUES("4","4","5","0","0","0","0","0","");
INSERT INTO puntosarrestos VALUES("5","5","6","0","0","0","0","0","");
INSERT INTO puntosarrestos VALUES("6","7","7","1","0","0","0","0","1/2");
INSERT INTO puntosarrestos VALUES("7","9","0","2","1","1","1","0","1");
INSERT INTO puntosarrestos VALUES("8","11","0","3","3","2","0","0","1 1/2");
INSERT INTO puntosarrestos VALUES("9","13","0","4","5","3","2","0","2");
INSERT INTO puntosarrestos VALUES("10","15","0","6","10","5","3","0","3");
INSERT INTO puntosarrestos VALUES("11","19","0","8","15","10","5","0","4");
INSERT INTO puntosarrestos VALUES("12","24","0","10","20","15","10","0","5");
INSERT INTO puntosarrestos VALUES("13","30","0","16","30","25","20","0","7");
INSERT INTO puntosarrestos VALUES("14","36","0","20","40","35","30","15","15");
INSERT INTO puntosarrestos VALUES("15","42","0","24","50","45","40","20","20");
INSERT INTO puntosarrestos VALUES("16","50","0","32","60","55","45","30","30 o m·s");



DROP TABLE registrocadetes;

CREATE TABLE `registrocadetes` (
  `idRegistro` bigint(15) NOT NULL AUTO_INCREMENT,
  `idGestion` int(5) DEFAULT '1',
  `idCurso` int(2) DEFAULT '5',
  `idCadete` int(11) DEFAULT NULL,
  `observaciones` tinytext,
  `coeficiente` double(2,1) DEFAULT NULL,
  `puntosSemestre` int(4) DEFAULT NULL,
  `grado` varchar(5) DEFAULT NULL,
  `activo` tinyint(1) DEFAULT '1',
  `consejoDisciplinario` tinyint(1) DEFAULT '0',
  PRIMARY KEY (`idRegistro`)
) ENGINE=MyISAM AUTO_INCREMENT=295 DEFAULT CHARSET=latin1;

INSERT INTO registrocadetes VALUES("1","1","4","1","","2.0","100","c/4","1","0");
INSERT INTO registrocadetes VALUES("2","1","4","2","","2.0","100","c/4","1","0");
INSERT INTO registrocadetes VALUES("3","1","4","3","","2.0","100","c/4","1","0");
INSERT INTO registrocadetes VALUES("4","1","4","4","","2.0","100","c/4","1","0");
INSERT INTO registrocadetes VALUES("5","1","4","5","","2.0","100","c/4","1","0");
INSERT INTO registrocadetes VALUES("6","1","4","6","","2.0","100","c/4","1","0");
INSERT INTO registrocadetes VALUES("7","1","4","7","","2.0","100","c/4","1","0");
INSERT INTO registrocadetes VALUES("8","1","4","8","","2.0","100","c/4","1","0");
INSERT INTO registrocadetes VALUES("9","1","4","9","","2.0","100","c/4","1","0");
INSERT INTO registrocadetes VALUES("10","1","4","10","","2.0","100","c/4","1","0");
INSERT INTO registrocadetes VALUES("11","1","4","11","","2.0","100","c/4","1","0");
INSERT INTO registrocadetes VALUES("12","1","4","12","","2.0","100","c/4","1","0");
INSERT INTO registrocadetes VALUES("13","1","4","13","","2.0","100","c/4","1","0");
INSERT INTO registrocadetes VALUES("14","1","4","14","","2.0","100","c/4","1","0");
INSERT INTO registrocadetes VALUES("15","1","4","15","","2.0","100","c/4","1","0");
INSERT INTO registrocadetes VALUES("16","1","4","16","","2.0","100","c/4","1","0");
INSERT INTO registrocadetes VALUES("17","1","4","17","","2.0","100","c/4","1","0");
INSERT INTO registrocadetes VALUES("18","1","4","18","","2.0","100","c/4","1","0");
INSERT INTO registrocadetes VALUES("19","1","4","19","","2.0","100","c/4","1","0");
INSERT INTO registrocadetes VALUES("20","1","4","20","","2.0","100","c/4","1","0");
INSERT INTO registrocadetes VALUES("21","1","4","21","","2.0","100","c/4","1","0");
INSERT INTO registrocadetes VALUES("22","1","4","22","","2.0","100","c/4","1","0");
INSERT INTO registrocadetes VALUES("23","1","4","23","","2.0","100","c/4","1","0");
INSERT INTO registrocadetes VALUES("24","1","4","24","","2.0","100","c/4","1","0");
INSERT INTO registrocadetes VALUES("25","1","4","25","","2.0","100","c/4","1","0");
INSERT INTO registrocadetes VALUES("26","1","4","26","","2.0","100","c/4","1","0");
INSERT INTO registrocadetes VALUES("27","1","4","27","","2.0","100","c/4","1","0");
INSERT INTO registrocadetes VALUES("28","1","4","28","","2.0","100","c/4","1","0");
INSERT INTO registrocadetes VALUES("29","1","4","29","","2.0","100","c/4","1","0");
INSERT INTO registrocadetes VALUES("30","1","4","30","","2.0","100","c/4","1","0");
INSERT INTO registrocadetes VALUES("31","1","4","31","","2.0","100","c/4","1","0");
INSERT INTO registrocadetes VALUES("32","1","4","32","","2.0","100","c/4","1","0");
INSERT INTO registrocadetes VALUES("33","1","4","33","","2.0","100","c/4","1","0");
INSERT INTO registrocadetes VALUES("34","1","4","34","","2.0","100","c/4","1","0");
INSERT INTO registrocadetes VALUES("35","1","4","35","","2.0","100","c/4","1","0");
INSERT INTO registrocadetes VALUES("36","1","4","36","","2.0","100","c/4","1","0");
INSERT INTO registrocadetes VALUES("37","1","4","37","","2.0","100","c/4","1","0");
INSERT INTO registrocadetes VALUES("38","1","4","38","","2.0","100","c/4","1","0");
INSERT INTO registrocadetes VALUES("39","1","4","39","","2.0","100","c/4","1","0");
INSERT INTO registrocadetes VALUES("40","1","4","40","","2.0","100","c/4","1","0");
INSERT INTO registrocadetes VALUES("41","1","4","41","","2.0","100","c/4","1","0");
INSERT INTO registrocadetes VALUES("42","1","4","42","","2.0","100","c/4","1","0");
INSERT INTO registrocadetes VALUES("43","1","4","43","","2.0","100","","1","0");
INSERT INTO registrocadetes VALUES("44","1","4","44","","2.0","100","","1","0");
INSERT INTO registrocadetes VALUES("45","1","4","45","","2.0","100","","1","0");
INSERT INTO registrocadetes VALUES("46","1","4","46","","2.0","100","","1","0");
INSERT INTO registrocadetes VALUES("47","1","4","47","","2.0","100","","1","0");
INSERT INTO registrocadetes VALUES("48","1","4","48","","2.0","100","","1","0");
INSERT INTO registrocadetes VALUES("49","1","4","49","","2.0","100","","1","0");
INSERT INTO registrocadetes VALUES("50","1","4","50","","2.0","100","","1","0");
INSERT INTO registrocadetes VALUES("51","1","4","51","","2.0","100","","1","0");
INSERT INTO registrocadetes VALUES("52","1","4","52","","2.0","100","","1","0");
INSERT INTO registrocadetes VALUES("53","1","4","53","","2.0","100","","1","0");
INSERT INTO registrocadetes VALUES("54","1","4","54","","2.0","100","","1","0");
INSERT INTO registrocadetes VALUES("55","1","1","55","","1.0","200","","1","0");
INSERT INTO registrocadetes VALUES("56","1","1","56","","1.0","200","","1","0");
INSERT INTO registrocadetes VALUES("57","1","1","57","","1.0","200","","1","0");
INSERT INTO registrocadetes VALUES("58","1","1","58","","1.0","200","","1","0");
INSERT INTO registrocadetes VALUES("59","1","1","59","","1.0","200","","1","0");
INSERT INTO registrocadetes VALUES("60","1","1","60","","1.0","200","","1","0");
INSERT INTO registrocadetes VALUES("61","1","1","61","","1.0","200","","1","0");
INSERT INTO registrocadetes VALUES("62","1","1","62","","1.0","200","","1","0");
INSERT INTO registrocadetes VALUES("63","1","1","63","","1.0","200","","1","0");
INSERT INTO registrocadetes VALUES("64","1","1","64","","1.0","200","","1","0");
INSERT INTO registrocadetes VALUES("65","1","1","65","","1.0","200","","1","0");
INSERT INTO registrocadetes VALUES("66","1","1","66","","1.0","200","","1","0");
INSERT INTO registrocadetes VALUES("67","1","1","67","","1.0","200","","1","0");
INSERT INTO registrocadetes VALUES("68","1","1","68","","1.0","200","","1","0");
INSERT INTO registrocadetes VALUES("69","1","1","69","","1.0","200","","1","0");
INSERT INTO registrocadetes VALUES("70","1","1","70","","1.0","200","","1","0");
INSERT INTO registrocadetes VALUES("71","1","1","71","","1.0","200","","1","0");
INSERT INTO registrocadetes VALUES("72","1","1","72","","1.0","200","","1","0");
INSERT INTO registrocadetes VALUES("73","1","1","73","","1.0","200","","1","0");
INSERT INTO registrocadetes VALUES("74","1","1","74","","1.0","200","","1","0");
INSERT INTO registrocadetes VALUES("75","1","1","75","","1.0","200","","1","0");
INSERT INTO registrocadetes VALUES("76","1","1","76","","1.0","200","","1","0");
INSERT INTO registrocadetes VALUES("77","1","1","77","","1.0","200","","1","0");
INSERT INTO registrocadetes VALUES("78","1","1","78","","1.0","200","","1","0");
INSERT INTO registrocadetes VALUES("79","1","1","79","","1.0","200","","1","0");
INSERT INTO registrocadetes VALUES("80","1","1","80","","1.0","200","","1","0");
INSERT INTO registrocadetes VALUES("81","1","1","81","","1.0","200","","1","0");
INSERT INTO registrocadetes VALUES("82","1","1","82","","1.0","200","","1","0");
INSERT INTO registrocadetes VALUES("83","1","1","83","","1.0","200","","1","0");
INSERT INTO registrocadetes VALUES("84","1","1","84","","1.0","200","","1","0");
INSERT INTO registrocadetes VALUES("85","1","1","85","","1.0","200","","1","0");
INSERT INTO registrocadetes VALUES("86","1","1","86","","1.0","200","","1","0");
INSERT INTO registrocadetes VALUES("87","1","1","87","","1.0","200","","1","0");
INSERT INTO registrocadetes VALUES("88","1","1","88","","1.0","200","","1","0");
INSERT INTO registrocadetes VALUES("89","1","1","89","","1.0","200","","1","0");
INSERT INTO registrocadetes VALUES("90","1","1","90","","1.0","200","","1","0");
INSERT INTO registrocadetes VALUES("91","1","1","91","","1.0","200","","1","0");
INSERT INTO registrocadetes VALUES("92","1","1","92","","1.0","200","","1","0");
INSERT INTO registrocadetes VALUES("93","1","1","93","","1.0","200","","1","0");
INSERT INTO registrocadetes VALUES("94","1","1","94","","1.0","200","","1","0");
INSERT INTO registrocadetes VALUES("95","1","1","95","","1.0","200","","1","0");
INSERT INTO registrocadetes VALUES("96","1","1","96","","1.0","200","","1","0");
INSERT INTO registrocadetes VALUES("97","1","1","97","","1.0","200","","1","0");
INSERT INTO registrocadetes VALUES("98","1","1","98","","1.0","200","","1","1");
INSERT INTO registrocadetes VALUES("99","1","1","99","","1.0","200","","1","0");
INSERT INTO registrocadetes VALUES("100","1","1","100","","1.0","200","","1","0");
INSERT INTO registrocadetes VALUES("101","1","1","101","","1.0","200","","1","0");
INSERT INTO registrocadetes VALUES("102","1","1","102","","1.0","200","","1","0");
INSERT INTO registrocadetes VALUES("103","1","1","103","","1.0","200","","1","0");
INSERT INTO registrocadetes VALUES("104","1","1","104","","1.0","200","","1","0");
INSERT INTO registrocadetes VALUES("105","1","1","105","","1.0","200","","1","0");
INSERT INTO registrocadetes VALUES("106","1","1","106","","1.0","200","","1","0");
INSERT INTO registrocadetes VALUES("107","1","1","107","","1.0","200","","1","0");
INSERT INTO registrocadetes VALUES("108","1","1","108","","1.0","200","","1","0");
INSERT INTO registrocadetes VALUES("109","1","1","109","","1.0","200","","1","0");
INSERT INTO registrocadetes VALUES("110","1","1","110","","1.0","200","","1","0");
INSERT INTO registrocadetes VALUES("111","1","1","111","","1.0","200","","1","0");
INSERT INTO registrocadetes VALUES("112","1","1","112","","1.0","200","","1","0");
INSERT INTO registrocadetes VALUES("113","1","1","113","","1.0","200","","1","0");
INSERT INTO registrocadetes VALUES("114","1","1","114","","1.0","200","","1","0");
INSERT INTO registrocadetes VALUES("115","1","1","115","","1.0","200","","1","0");
INSERT INTO registrocadetes VALUES("116","1","1","116","","1.0","200","","1","0");
INSERT INTO registrocadetes VALUES("117","1","1","117","","1.0","200","","1","0");
INSERT INTO registrocadetes VALUES("118","1","1","118","","1.0","200","","1","0");
INSERT INTO registrocadetes VALUES("119","1","1","119","","1.0","200","","1","0");
INSERT INTO registrocadetes VALUES("120","1","1","120","","1.0","200","","1","0");
INSERT INTO registrocadetes VALUES("121","1","1","121","","1.0","200","","1","0");
INSERT INTO registrocadetes VALUES("122","1","1","122","","1.0","200","","1","0");
INSERT INTO registrocadetes VALUES("123","1","1","123","","1.0","200","","1","0");
INSERT INTO registrocadetes VALUES("124","1","1","124","","1.0","200","","1","0");
INSERT INTO registrocadetes VALUES("125","1","1","125","","1.0","200","","1","0");
INSERT INTO registrocadetes VALUES("126","1","1","126","","1.0","200","","1","0");
INSERT INTO registrocadetes VALUES("127","1","1","127","","1.0","200","","1","0");
INSERT INTO registrocadetes VALUES("128","1","1","128","","1.0","200","","1","0");
INSERT INTO registrocadetes VALUES("129","1","1","129","","1.0","200","","1","0");
INSERT INTO registrocadetes VALUES("130","1","1","130","","1.0","200","","1","0");
INSERT INTO registrocadetes VALUES("131","1","1","131","","1.0","200","","1","0");
INSERT INTO registrocadetes VALUES("132","1","1","132","","1.0","200","","1","0");
INSERT INTO registrocadetes VALUES("133","1","1","133","","1.0","200","","1","0");
INSERT INTO registrocadetes VALUES("134","1","1","134","","1.0","200","","1","0");
INSERT INTO registrocadetes VALUES("135","1","1","135","","1.0","200","","1","0");
INSERT INTO registrocadetes VALUES("136","1","1","136","","1.0","200","","1","0");
INSERT INTO registrocadetes VALUES("137","1","1","137","","1.0","200","","1","0");
INSERT INTO registrocadetes VALUES("138","1","1","138","","1.0","200","","1","0");
INSERT INTO registrocadetes VALUES("139","1","1","139","","1.0","200","","1","1");
INSERT INTO registrocadetes VALUES("140","1","1","140","","1.0","200","","1","0");
INSERT INTO registrocadetes VALUES("141","1","1","141","","1.0","200","","1","0");
INSERT INTO registrocadetes VALUES("142","1","1","142","","1.0","200","","1","0");
INSERT INTO registrocadetes VALUES("143","1","1","143","","1.0","200","","1","0");
INSERT INTO registrocadetes VALUES("144","1","1","144","","1.0","200","","1","0");
INSERT INTO registrocadetes VALUES("145","1","1","145","","1.0","200","","1","0");
INSERT INTO registrocadetes VALUES("146","1","1","146","","1.0","200","","1","0");
INSERT INTO registrocadetes VALUES("147","1","1","147","","1.0","200","","1","0");
INSERT INTO registrocadetes VALUES("148","1","1","148","","1.0","200","","1","0");
INSERT INTO registrocadetes VALUES("149","1","1","149","","1.0","200","","1","0");
INSERT INTO registrocadetes VALUES("150","1","1","150","","1.0","200","","1","0");
INSERT INTO registrocadetes VALUES("151","1","1","151","","1.0","200","","1","0");
INSERT INTO registrocadetes VALUES("152","1","1","152","","1.0","200","","1","0");
INSERT INTO registrocadetes VALUES("153","1","1","153","","1.0","200","","1","0");
INSERT INTO registrocadetes VALUES("154","1","1","154","","1.0","200","","1","0");
INSERT INTO registrocadetes VALUES("155","1","1","155","","1.0","200","","1","0");
INSERT INTO registrocadetes VALUES("156","1","1","156","","1.0","200","","1","0");
INSERT INTO registrocadetes VALUES("157","1","1","157","","1.0","200","","1","0");
INSERT INTO registrocadetes VALUES("158","1","1","158","","1.0","200","","1","0");
INSERT INTO registrocadetes VALUES("159","1","1","159","","1.0","200","","1","0");
INSERT INTO registrocadetes VALUES("160","1","1","160","","1.0","200","","1","0");
INSERT INTO registrocadetes VALUES("161","1","1","161","","1.0","200","","1","0");
INSERT INTO registrocadetes VALUES("162","1","1","162","","1.0","200","","1","0");
INSERT INTO registrocadetes VALUES("163","1","1","163","","1.0","200","","1","0");
INSERT INTO registrocadetes VALUES("164","1","1","164","","1.0","200","","1","0");
INSERT INTO registrocadetes VALUES("165","1","1","165","","1.0","200","","1","0");
INSERT INTO registrocadetes VALUES("166","1","1","166","","1.0","200","","1","0");
INSERT INTO registrocadetes VALUES("167","1","1","167","","1.0","200","","1","0");
INSERT INTO registrocadetes VALUES("168","1","1","168","","1.0","200","","1","0");
INSERT INTO registrocadetes VALUES("169","1","1","169","","1.0","200","","1","0");
INSERT INTO registrocadetes VALUES("170","1","1","170","","1.0","200","","1","0");
INSERT INTO registrocadetes VALUES("171","1","1","171","","1.0","200","","1","0");
INSERT INTO registrocadetes VALUES("172","1","1","172","","1.0","200","","1","0");
INSERT INTO registrocadetes VALUES("173","1","1","173","","1.0","200","","1","0");
INSERT INTO registrocadetes VALUES("174","1","5","174","","2.5","80","","1","0");
INSERT INTO registrocadetes VALUES("175","1","5","175","","2.5","80","","1","0");
INSERT INTO registrocadetes VALUES("176","1","5","176","","2.5","80","","1","0");
INSERT INTO registrocadetes VALUES("177","1","5","177","","2.5","80","","1","0");
INSERT INTO registrocadetes VALUES("178","1","5","178","","2.5","80","","1","0");
INSERT INTO registrocadetes VALUES("179","1","5","179","","2.5","80","","1","0");
INSERT INTO registrocadetes VALUES("180","1","5","180","","2.5","80","","1","0");
INSERT INTO registrocadetes VALUES("181","1","5","181","","2.5","80","","1","0");
INSERT INTO registrocadetes VALUES("182","1","5","182","","2.5","80","","1","0");
INSERT INTO registrocadetes VALUES("183","1","5","183","","2.5","80","","1","0");
INSERT INTO registrocadetes VALUES("184","1","5","184","","2.5","80","","1","0");
INSERT INTO registrocadetes VALUES("185","1","5","185","","2.5","80","","1","0");
INSERT INTO registrocadetes VALUES("186","1","5","186","","2.5","80","","1","0");
INSERT INTO registrocadetes VALUES("187","1","5","187","","2.5","80","","1","0");
INSERT INTO registrocadetes VALUES("188","1","5","188","","2.5","80","","1","0");
INSERT INTO registrocadetes VALUES("189","1","5","189","","2.5","80","","1","0");
INSERT INTO registrocadetes VALUES("190","1","5","190","","2.5","80","","1","0");
INSERT INTO registrocadetes VALUES("191","1","5","191","","2.5","80","","1","0");
INSERT INTO registrocadetes VALUES("192","1","5","192","","2.5","80","","1","0");
INSERT INTO registrocadetes VALUES("193","1","5","193","","2.5","80","","1","0");
INSERT INTO registrocadetes VALUES("194","1","5","194","","2.5","80","","1","0");
INSERT INTO registrocadetes VALUES("195","1","5","195","","2.5","80","","1","0");
INSERT INTO registrocadetes VALUES("196","1","5","196","","2.5","80","","1","0");
INSERT INTO registrocadetes VALUES("197","1","5","197","","2.5","80","","1","0");
INSERT INTO registrocadetes VALUES("198","1","5","198","","2.5","80","","1","0");
INSERT INTO registrocadetes VALUES("199","1","5","199","","2.5","80","","1","0");
INSERT INTO registrocadetes VALUES("200","1","5","200","","2.5","80","","1","0");
INSERT INTO registrocadetes VALUES("201","1","5","201","","2.5","80","","1","0");
INSERT INTO registrocadetes VALUES("202","1","5","202","","2.5","80","","1","0");
INSERT INTO registrocadetes VALUES("203","1","5","203","","2.5","80","","1","0");
INSERT INTO registrocadetes VALUES("204","1","5","204","","2.5","80","","1","0");
INSERT INTO registrocadetes VALUES("205","1","5","205","","2.5","80","","1","0");
INSERT INTO registrocadetes VALUES("206","1","5","206","","2.5","80","","1","0");
INSERT INTO registrocadetes VALUES("207","1","5","207","","2.5","80","","1","0");
INSERT INTO registrocadetes VALUES("208","1","5","208","","2.5","80","","1","0");
INSERT INTO registrocadetes VALUES("209","1","5","209","","2.5","80","","1","0");
INSERT INTO registrocadetes VALUES("210","1","5","210","","2.5","80","","1","0");
INSERT INTO registrocadetes VALUES("211","1","5","211","","2.5","80","","1","0");
INSERT INTO registrocadetes VALUES("212","1","5","212","","2.5","80","","1","0");
INSERT INTO registrocadetes VALUES("213","1","5","213","","2.5","80","","1","0");
INSERT INTO registrocadetes VALUES("214","1","5","214","","2.5","80","","1","0");
INSERT INTO registrocadetes VALUES("215","1","5","215","","2.5","80","","1","0");
INSERT INTO registrocadetes VALUES("216","1","5","216","","2.5","80","","1","0");
INSERT INTO registrocadetes VALUES("217","1","5","217","","2.5","80","","1","0");
INSERT INTO registrocadetes VALUES("218","1","5","218","","2.5","80","","1","0");
INSERT INTO registrocadetes VALUES("219","1","5","219","","2.5","80","","1","0");
INSERT INTO registrocadetes VALUES("220","1","5","220","","2.5","80","","1","0");
INSERT INTO registrocadetes VALUES("221","1","5","221","","2.5","80","","1","0");
INSERT INTO registrocadetes VALUES("222","1","5","222","","2.5","80","","1","0");
INSERT INTO registrocadetes VALUES("223","1","5","223","","2.5","80","","1","0");
INSERT INTO registrocadetes VALUES("224","1","3","224","","1.6","125","","0","1");
INSERT INTO registrocadetes VALUES("225","1","3","225","","1.6","125","","1","0");
INSERT INTO registrocadetes VALUES("226","1","3","226","","1.6","125","","1","0");
INSERT INTO registrocadetes VALUES("227","1","3","227","","1.6","125","","1","0");
INSERT INTO registrocadetes VALUES("228","1","3","228","","1.6","125","","1","0");
INSERT INTO registrocadetes VALUES("229","1","3","229","","1.6","125","","1","0");
INSERT INTO registrocadetes VALUES("230","1","3","230","","1.6","125","","1","0");
INSERT INTO registrocadetes VALUES("231","1","3","231","","1.6","125","","1","0");
INSERT INTO registrocadetes VALUES("232","1","3","232","","1.6","125","","1","0");
INSERT INTO registrocadetes VALUES("233","1","3","233","","1.6","125","","1","0");
INSERT INTO registrocadetes VALUES("234","1","3","234","","1.6","125","","1","0");
INSERT INTO registrocadetes VALUES("235","1","3","235","","1.6","125","","1","0");
INSERT INTO registrocadetes VALUES("236","1","3","236","","1.6","125","","1","0");
INSERT INTO registrocadetes VALUES("237","1","3","237","","1.6","125","","1","0");
INSERT INTO registrocadetes VALUES("238","1","3","238","","1.6","125","","1","0");
INSERT INTO registrocadetes VALUES("239","1","3","239","","1.6","125","","1","0");
INSERT INTO registrocadetes VALUES("240","1","3","240","","1.6","125","","1","0");
INSERT INTO registrocadetes VALUES("241","1","3","241","","1.6","125","","1","0");
INSERT INTO registrocadetes VALUES("242","1","3","242","","1.6","125","","1","0");
INSERT INTO registrocadetes VALUES("243","1","3","243","","1.6","125","","1","0");
INSERT INTO registrocadetes VALUES("244","1","3","244","","1.6","125","","1","0");
INSERT INTO registrocadetes VALUES("245","1","3","245","","1.6","125","","1","0");
INSERT INTO registrocadetes VALUES("246","1","3","246","","1.6","125","","1","0");
INSERT INTO registrocadetes VALUES("247","1","3","247","","1.6","125","","1","0");
INSERT INTO registrocadetes VALUES("248","1","3","248","","1.6","125","","1","0");
INSERT INTO registrocadetes VALUES("249","1","3","249","","1.6","125","","1","0");
INSERT INTO registrocadetes VALUES("250","1","3","250","","1.6","125","","1","0");
INSERT INTO registrocadetes VALUES("251","1","3","251","","1.6","125","","1","0");
INSERT INTO registrocadetes VALUES("252","1","3","252","","1.6","125","","1","0");
INSERT INTO registrocadetes VALUES("253","1","3","253","","1.6","125","","1","0");
INSERT INTO registrocadetes VALUES("254","1","3","254","","1.6","125","","1","0");
INSERT INTO registrocadetes VALUES("255","1","3","255","","1.6","125","","1","0");
INSERT INTO registrocadetes VALUES("256","1","3","256","","1.6","125","","1","0");
INSERT INTO registrocadetes VALUES("257","1","3","257","","1.6","125","","1","0");
INSERT INTO registrocadetes VALUES("258","1","3","258","","1.6","125","","1","0");
INSERT INTO registrocadetes VALUES("259","1","3","259","","1.6","125","","1","0");
INSERT INTO registrocadetes VALUES("260","1","3","260","","1.6","125","","1","0");
INSERT INTO registrocadetes VALUES("261","1","3","261","","1.6","125","","1","0");
INSERT INTO registrocadetes VALUES("262","1","3","262","","1.6","125","","1","0");
INSERT INTO registrocadetes VALUES("263","1","3","263","","1.6","125","","1","0");
INSERT INTO registrocadetes VALUES("264","1","3","264","","1.6","125","","1","0");
INSERT INTO registrocadetes VALUES("265","1","3","265","","1.6","125","","1","0");
INSERT INTO registrocadetes VALUES("266","1","3","266","","1.6","125","","1","0");
INSERT INTO registrocadetes VALUES("267","1","3","267","","1.6","125","","1","0");
INSERT INTO registrocadetes VALUES("268","1","3","268","","1.6","125","","1","0");
INSERT INTO registrocadetes VALUES("269","1","3","269","","1.6","125","","1","0");
INSERT INTO registrocadetes VALUES("270","1","3","270","","1.6","125","","1","0");
INSERT INTO registrocadetes VALUES("271","1","3","271","","1.6","125","","1","0");
INSERT INTO registrocadetes VALUES("272","1","3","272","","1.6","125","","1","0");
INSERT INTO registrocadetes VALUES("273","1","3","273","","1.6","125","","1","0");
INSERT INTO registrocadetes VALUES("274","1","3","274","","1.6","125","","1","0");
INSERT INTO registrocadetes VALUES("275","1","3","275","","1.6","125","","1","0");
INSERT INTO registrocadetes VALUES("276","1","3","276","","1.6","125","","1","0");
INSERT INTO registrocadetes VALUES("277","1","3","277","","1.6","125","","1","0");
INSERT INTO registrocadetes VALUES("278","1","3","278","","1.6","125","","1","0");
INSERT INTO registrocadetes VALUES("279","1","3","279","","1.6","125","","1","0");



DROP TABLE sanciones;

CREATE TABLE `sanciones` (
  `idSancion` int(11) NOT NULL AUTO_INCREMENT,
  `idTipoFalta` varchar(6) DEFAULT NULL,
  `reincidencia` int(2) DEFAULT NULL,
  `puntosDemerito` int(4) DEFAULT NULL,
  `tte` int(4) DEFAULT NULL,
  `tss` int(4) DEFAULT NULL,
  PRIMARY KEY (`idSancion`)
) ENGINE=MyISAM AUTO_INCREMENT=45 DEFAULT CHARSET=latin1;

INSERT INTO sanciones VALUES("1","3","0","1","1","0");
INSERT INTO sanciones VALUES("2","3","1","1","2","0");
INSERT INTO sanciones VALUES("3","3","2","2","3","0");
INSERT INTO sanciones VALUES("4","3","3","3","4","0");
INSERT INTO sanciones VALUES("5","4","0","1","2","0");
INSERT INTO sanciones VALUES("6","4","1","2","3","0");
INSERT INTO sanciones VALUES("7","4","2","4","5","0");
INSERT INTO sanciones VALUES("8","4","3","5","6","0");
INSERT INTO sanciones VALUES("9","5","0","2","3","0");
INSERT INTO sanciones VALUES("10","5","1","3","4","0");
INSERT INTO sanciones VALUES("11","5","2","4","5","0");
INSERT INTO sanciones VALUES("12","5","3","5","6","0");
INSERT INTO sanciones VALUES("13","6","0","3","4","0");
INSERT INTO sanciones VALUES("14","6","1","4","5","0");
INSERT INTO sanciones VALUES("15","6","2","5","6","0");
INSERT INTO sanciones VALUES("16","6","3","7","0","1");
INSERT INTO sanciones VALUES("17","7","0","4","5","0");
INSERT INTO sanciones VALUES("18","7","1","5","6","0");
INSERT INTO sanciones VALUES("19","7","2","7","0","1");
INSERT INTO sanciones VALUES("20","7","3","9","0","2");
INSERT INTO sanciones VALUES("21","8","0","5","6","0");
INSERT INTO sanciones VALUES("22","8","1","7","0","1");
INSERT INTO sanciones VALUES("23","8","2","9","0","2");
INSERT INTO sanciones VALUES("24","8","3","11","0","3");
INSERT INTO sanciones VALUES("25","9","0","7","0","1");
INSERT INTO sanciones VALUES("26","9","1","9","0","2");
INSERT INTO sanciones VALUES("27","9","2","11","0","3");
INSERT INTO sanciones VALUES("28","9","3","13","0","4");
INSERT INTO sanciones VALUES("29","10","0","9","0","2");
INSERT INTO sanciones VALUES("30","10","1","11","0","3");
INSERT INTO sanciones VALUES("31","10","2","13","0","4");
INSERT INTO sanciones VALUES("32","10","3","15","0","6");
INSERT INTO sanciones VALUES("33","11","0","11","0","3");
INSERT INTO sanciones VALUES("34","11","1","13","0","4");
INSERT INTO sanciones VALUES("35","11","2","15","0","6");
INSERT INTO sanciones VALUES("36","11","3","19","0","8");
INSERT INTO sanciones VALUES("37","12","0","13","0","4");
INSERT INTO sanciones VALUES("38","12","1","15","0","6");
INSERT INTO sanciones VALUES("39","12","2","19","0","8");
INSERT INTO sanciones VALUES("40","12","3","24","0","15");
INSERT INTO sanciones VALUES("41","13","0","15","0","6");
INSERT INTO sanciones VALUES("42","13","1","19","0","8");
INSERT INTO sanciones VALUES("43","14","0","19","0","8");
INSERT INTO sanciones VALUES("44","15","0","24","0","15");



DROP TABLE themes;

CREATE TABLE `themes` (
  `idTheme` int(3) NOT NULL AUTO_INCREMENT,
  `theme` varchar(255) DEFAULT NULL,
  `activo` tinyint(1) DEFAULT '1',
  PRIMARY KEY (`idTheme`)
) ENGINE=MyISAM AUTO_INCREMENT=19 DEFAULT CHARSET=latin1;

INSERT INTO themes VALUES("1","ui-lightness","1");
INSERT INTO themes VALUES("2","custom-theme","1");
INSERT INTO themes VALUES("3","vader","1");
INSERT INTO themes VALUES("4","ui-darkness","1");
INSERT INTO themes VALUES("5","trontastic","1");
INSERT INTO themes VALUES("6","sunny","1");
INSERT INTO themes VALUES("7","start","1");
INSERT INTO themes VALUES("8","south-street","1");
INSERT INTO themes VALUES("9","pepper-grinder","1");
INSERT INTO themes VALUES("10","overcast","1");
INSERT INTO themes VALUES("11","humanity","1");
INSERT INTO themes VALUES("12","flick","1");
INSERT INTO themes VALUES("13","excite-bike","1");
INSERT INTO themes VALUES("14","eggplant","1");
INSERT INTO themes VALUES("15","redmond","1");
INSERT INTO themes VALUES("16","dark-hive","1");
INSERT INTO themes VALUES("17","cupertino","1");
INSERT INTO themes VALUES("18","black-tie","1");



DROP TABLE tipofaltas;

CREATE TABLE `tipofaltas` (
  `idTipoFalta` int(11) NOT NULL AUTO_INCREMENT,
  `clase` varchar(10) DEFAULT NULL,
  `puntosDemerito` int(5) DEFAULT NULL,
  `tss` varchar(10) DEFAULT NULL,
  `tte` int(5) DEFAULT NULL,
  `rMaxima` int(2) DEFAULT NULL,
  `observaciones` varchar(100) DEFAULT NULL,
  PRIMARY KEY (`idTipoFalta`)
) ENGINE=MyISAM AUTO_INCREMENT=16 DEFAULT CHARSET=latin1;

INSERT INTO tipofaltas VALUES("1","A*","0","0","0","0","DESICI”N DEL CONSEJO SUPERIOR DEL INSTITUTO");
INSERT INTO tipofaltas VALUES("2","A","0","0","0","0","DESICI”N DEL CONSEJO SUPERIOR DEL INSTITUTO");
INSERT INTO tipofaltas VALUES("3","B1","1","0","1","3","A consideraciÛn de la Jefatura de Cuerpo.");
INSERT INTO tipofaltas VALUES("4","B2","1","0","2","3","A consideraciÛn de la Jefatura de Cuerpo.");
INSERT INTO tipofaltas VALUES("5","B3","2","0","3","3","A consideraciÛn de la Jefatura de Cuerpo.");
INSERT INTO tipofaltas VALUES("6","B4","3","0","4","3","A consideraciÛn de la Jefatura de Cuerpo.");
INSERT INTO tipofaltas VALUES("7","B5","4","0","5","3","A consideraciÛn de la Jefatura de Cuerpo.");
INSERT INTO tipofaltas VALUES("8","B6","5","0","6","3","A consideraciÛn de la Jefatura de Cuerpo.");
INSERT INTO tipofaltas VALUES("9","B7","7","1","0","3","A consideraciÛn de la Jefatura de Cuerpo.");
INSERT INTO tipofaltas VALUES("10","B8","9","2","0","3","A consideraciÛn de la Jefatura de Cuerpo.");
INSERT INTO tipofaltas VALUES("11","B9","11","3","0","3","A consideraciÛn de la Jefatura de Cuerpo.");
INSERT INTO tipofaltas VALUES("12","B10","13","4","0","3","A consideraciÛn de la Jefatura de Cuerpo.");
INSERT INTO tipofaltas VALUES("13","B11","15","6","0","1","A consideraciÛn de la Jefatura de Cuerpo.");
INSERT INTO tipofaltas VALUES("14","B12","19","8","0","0","A consideraciÛn de la Jefatura de Cuerpo.");
INSERT INTO tipofaltas VALUES("15","B13","24","15","0","0","A consideraciÛn de la Jefatura de Cuerpo.");



DROP TABLE usuarios;

CREATE TABLE `usuarios` (
  `idUsuario` int(11) NOT NULL AUTO_INCREMENT,
  `usuario` varchar(20) NOT NULL DEFAULT '',
  `password` varchar(40) DEFAULT NULL,
  `paterno` varchar(20) DEFAULT NULL,
  `materno` varchar(20) DEFAULT NULL,
  `nombres` varchar(30) DEFAULT NULL,
  `prioridad` tinyint(1) DEFAULT NULL,
  `cargo` varchar(255) DEFAULT NULL,
  `idTheme` int(3) DEFAULT NULL,
  `activo` tinyint(1) DEFAULT '1',
  PRIMARY KEY (`idUsuario`,`usuario`)
) ENGINE=MyISAM AUTO_INCREMENT=6 DEFAULT CHARSET=latin1;

INSERT INTO usuarios VALUES("1","admin","r0salinda","Chacolla","morochi","Ivan","3","Administrador del Sistema","1","1");
INSERT INTO usuarios VALUES("2","user","123","Perez","jjj","Juan","3","Jefe Division Disciplina","1","1");
INSERT INTO usuarios VALUES("4","juan","perez","jjjj","jjjjj","jj","3","Encargado","1","1");
INSERT INTO usuarios VALUES("5","UCA","11111111","Tito","perez","juan","2","Encargado de Sistemas","12","1");



